"(7, 0.8, 0.8)","(7, 0.8, 1.0)","(7, 1.0, 0.8)","(7, 1.0, 1.0)","(10, 0.8, 0.8)","(10, 0.8, 1.0)","(10, 1.0, 0.8)","(10, 1.0, 1.0)","(15, 0.8, 0.8)","(15, 0.8, 1.0)","(15, 1.0, 0.8)","(15, 1.0, 1.0)"
0.5423866656208416,0.5199323577620935,0.7357778902004593,0.5386149493111732,0.5584770593720108,0.5286692171848338,0.6216732315064493,0.5046754295783962,0.5235832402637772,0.510991317124517,0.5692788589003247,0.5178893004649825
0.7750105339516828,0.6114119816260252,0.4340571796390225,0.540015546623335,0.6976173672845531,0.6945169675801558,0.3462126565876627,0.6867211127166634,0.5761042727762585,0.6696840275851635,0.6508911169276556,0.6426712411833326
1.2308509777626642,1.539088476011625,1.3274376432047021,1.7552216192385812,0.9512612481956336,1.541109712985115,1.0209482066145272,1.7719745400488571,1.2388763628550878,1.5060709861877744,1.3601334609284805,1.5484650001804037
0.44853672403829414,0.45188846171515507,0.4687951428714395,0.509366832847746,0.4268547219366496,0.44217124823301074,0.35484098957846977,0.4913249632327341,0.5273958576040383,0.4998618359090088,0.42854005385943517,0.4798894817708721
0.38621284295689395,0.49708018292130224,0.5097577783677404,0.5480157064712322,0.42682625129809176,0.47777941070497065,0.4275797550766957,0.5171926017622643,0.39485383765829585,0.5233865666887125,0.4907843354046894,0.5271250463934646
0.6750007509757214,0.7852548044394051,0.7380609594983887,0.7827172075623535,0.8260318415193831,0.8228622295640349,0.7216073130775416,0.809320127965981,0.7708085450954824,0.7831839661416963,0.6993447669855453,0.7722834226247124
0.362588713996472,0.3088742914091072,0.3330207343303539,0.32059336311508874,0.31087260001703604,0.31669943580091786,0.31480997734698263,0.3297875631593804,0.3937901941866637,0.3237209078466778,0.33049619272510666,0.32253936031367775
0.5077698438759541,0.5571977880166453,0.998869765546199,0.5872300033652791,0.9099249955477083,0.5593489024237126,0.7233556799674147,0.6163242247794852,0.7931413224441299,0.6064570272600269,0.7947870067185108,0.578359044321555
0.6838734625186317,0.768804122211998,0.6938549425464419,0.7610259040151075,0.7404296929436934,0.7733920559929978,0.6738523015297374,0.7558991203681716,0.7131733641390272,0.776399362079356,0.7020308661183291,0.7656317699370504
0.735641798870621,0.6978090946004747,0.7201117172185046,0.6157630344724057,0.7019664915142501,0.7082430845929825,0.8253059725020118,0.7454509627850767,0.7939247073859201,0.6696744555700526,0.7541327630884053,0.6744943168610005
1.6579402066161566,1.4395527146969447,1.9521089636277154,1.4174961256040421,2.0432115954934043,1.4415487212168436,2.577506076016618,1.5377988552024557,2.0338639548836315,1.4651746475708616,2.08268996998146,1.4829254238443297
3.338924053938663,3.3296957013137365,3.4362204788920963,3.2873201252190363,3.065867726443651,3.384158303913787,3.626049238303433,3.2058033320772394,3.1912621436513247,3.3337585258653375,2.9099103350534343,3.22251634507436
0.6258142722700055,0.5288127580839868,0.5728109713801927,0.5220140602321117,0.6051849485148213,0.5222286150177629,0.6433417337540578,0.5478480168352241,0.610137496210366,0.526282150885687,0.6600262096824563,0.5032974201231015
0.1737964235962648,0.20911440307791906,0.1877859341140602,0.19535032479666,0.20288926835358395,0.19612060291773634,0.19670740453878627,0.20330346340415054,0.21021465543624235,0.21299137100641627,0.21834548857663175,0.20060661595094081
1.4439881032204827,1.2646239669304615,1.4397498771279404,1.2667859319465125,1.4908874867085815,1.285468736687541,1.61225467671022,1.280549979940267,1.4664408254108765,1.2867026199751812,1.3410326100501861,1.2836063681851166
0.27544187436217277,0.24152440164502564,0.2979872624972017,0.23571874276311366,0.30257941287799645,0.23837929409574962,0.3357244220240274,0.23543787936204796,0.28756940853347407,0.22942719021548239,0.3105762240064724,0.24398384330249698
1.1107597324587752,0.8600786647907419,0.9158448166542862,0.8371855628914674,0.7336062170955426,0.8110942602491179,0.8504593349982934,0.8389050949310313,0.8135576620265049,0.8455734808208045,0.9261063309089429,0.8068104301916045
2.8966627178346123,3.200722457454932,2.981705920011347,3.1948045389821877,3.2707427564808302,3.329595575222388,2.6929378135112465,3.2915697493999008,2.7545995090030164,3.199069796825809,2.838938951657624,3.2584370202786688
2.4577047617526047,2.183889664608674,2.384679852225218,2.301567197130664,2.1836187112597734,2.2428680926274054,2.4341027314301487,2.3005196219664215,2.440917655472716,2.2352112635497225,2.3316625285192916,2.2435360046153066
3.6476482854848924,3.650242132576708,3.7045848651170985,3.658077311881275,3.652658150890464,3.748016056072856,3.5266030634784347,3.6783120849044675,3.6691355947441218,3.6617782649475523,3.5657646915523635,3.7102467237268986
1.2260595564983803,1.252326961071186,1.3445195581233373,1.252280453332517,1.2422627833151607,1.281545449837882,1.2524363935710114,1.2430023931334713,1.2223663475346431,1.2414055487079865,1.2162143618626533,1.2553754805411774
0.9833745646928475,1.0664685167821186,1.0193829910401988,1.0622235934420814,1.1205086968804432,1.0507028251353767,1.0253053486235553,1.0460644860868238,1.0202283890652482,1.0274496468424048,1.0208196292859968,1.046588742545055
0.38892192676960907,0.24520533213643184,0.2142240137165403,0.2110538852777091,0.3151955154993606,0.20718464580447132,0.26114262148820305,0.2262120144425906,0.3032345746075955,0.23539824546908694,0.33454062985271904,0.21360154799844805
1.658748230063558,2.344966042557031,1.5907094153420651,2.3717977757575888,1.7952683497013449,2.29314820141177,1.7035986412456223,2.311066188138474,1.842415815321444,2.3435807494344734,2.1731668307363092,2.2566624121973424
0.9397936791248711,1.0514546144113592,1.06773582643171,1.0365257628741968,0.8971455825748975,1.0445399393209032,0.8677011745870136,1.0357152852559575,0.9950973032187047,1.0252120978116048,0.9940615041670002,1.0517688462811292
0.3371944744867953,0.4793291865124777,0.44534233810900675,0.4538317707538655,0.35652817676870324,0.4654797905496936,0.31064697402544056,0.4573979806386097,0.4137267769809798,0.4444177144114082,0.38927997341705634,0.4397543819625124
2.055261347775835,1.4747529880089714,2.3734813952304488,1.4144662589537378,1.7731637810540988,1.4710798117528674,1.8658177175701542,1.420859785129131,2.1612247610205144,1.499315720437109,2.014343126024755,1.4820032304811768
0.9531296930950166,0.9626399589687757,1.0515920982315825,0.9533053435105044,1.213270674883243,0.9930733695123922,1.1515367977524542,0.9698277977250025,0.9503724482614447,0.9597695343598263,1.0532788877082622,0.967123864763059
0.3564290446753081,0.2769120595947831,0.3756793324129857,0.31302978759790323,0.4402414889099027,0.2694197513525091,0.4245113249404042,0.286078133730133,0.3861667294082023,0.30152663828875786,0.4084312259787661,0.3070921014314251
0.49477438013645586,0.3790362758372865,0.4071944693272136,0.37869272906051166,0.4669978569457622,0.38233281178321815,0.40692452116462696,0.3863687179103583,0.4079020723280733,0.3815079033667669,0.3961061174575558,0.3878704926430886
4.667340907657904,4.864996195028962,4.842224373133275,4.942354432407495,4.8607763131634,4.887119137554739,5.0805930162425454,4.945100129504769,4.850804883299045,4.906573617310152,4.562532319023651,4.932846539509914
3.1622471660932345,3.171531002743437,2.139977981988138,3.087833135075804,3.1168066160438546,3.0464963739282243,2.464748609971785,3.197910480226482,3.236049559616437,3.1623847729144408,2.990369954795142,3.177140431016462
1.3385765620805017,1.239470142953234,1.18999000352045,1.2499862217002227,1.377778400774778,1.2693884105614737,1.2378482983037342,1.240606174127568,1.266595423768723,1.2694574582115752,1.3545279842714406,1.230377949028371
0.9726953200959688,0.5355428230529865,1.1347930488880742,0.47953707522640626,1.0722953771635289,0.5471832377824601,0.841368725680485,0.5332439110881658,0.7081086262701521,0.5172212295785388,0.6574423784044023,0.5030763094673105
1.0915534670879405,1.1586007262636693,1.1043583887745223,1.1422639511533572,1.1508085960552776,1.1317192693208353,1.4583785536972502,1.1592783352951805,1.188991580125697,1.1664353512804022,1.2541629008493724,1.1753831928340606
0.9473527311549151,0.9185901793333688,0.9703063115414374,0.9464454228876388,0.9848478964413303,0.8993456558118911,1.0516790042682496,0.9120994153033223,1.0868277347829667,0.8899594735790682,0.9655883152438616,0.9222608352516786
0.597831613955289,0.5535766371625652,0.5191258956403334,0.5487608593668543,0.4677641526225585,0.5508992565189597,0.8156967663445378,0.5523492300171454,0.4989515057575845,0.5613266534999822,0.5903146107148474,0.5613487948193338
0.3598562183382008,0.2832485983130438,0.38857567887506056,0.27082067605867727,0.38794898425817426,0.264576461016597,0.3210301239535087,0.28064478333736886,0.42401479072021114,0.2593678047028978,0.3378481467997357,0.26250210094513593
0.2337316384384693,0.21325454288743947,0.2428428157650141,0.22134716670273888,0.22170623696389577,0.21085635050137788,0.27304810276784214,0.20837954196059236,0.28374649140864283,0.20816708009488305,0.23853587882933103,0.22466270639141098
1.6763324973843716,1.6873610543195037,1.8052562709985838,1.698705554521678,1.7062153769009611,1.6860194749193298,1.715696095590901,1.674808201870751,1.7464009046705737,1.6939341620140962,1.7426172655397913,1.7046894575083658
3.3941625094476477,3.933079596711425,3.2873722980468485,3.7904294362799504,3.514367140027066,3.8149111620857497,3.8284517964875646,3.9568173258640607,3.7937781383709983,3.8620204444781225,3.3020502403783394,3.826243938747551
0.5816369599270959,0.5683496549397902,0.5550132930263969,0.5786524921282845,0.5554623709191507,0.5731021635286301,0.5209895565327997,0.5709153963541828,0.5411875041638129,0.5711323244358957,0.5616263625907038,0.5670671424641437
1.6668671669127184,1.8036756629196609,1.7707645096762832,1.732587416247077,1.6746078169366405,1.7695952700766802,1.7623112664442033,1.7562177682854496,1.7036306219361002,1.7522920685297614,1.6920357892549622,1.734084810800921
0.20320868829332236,0.2704388860474925,0.2466463976610303,0.27410191454275984,0.22531900722507162,0.24967462115578584,0.2654886401231171,0.27582906540656216,0.22786309644147762,0.2653370774797551,0.22936768464160284,0.2630697715367642
0.44272279882144006,0.31706929999732875,0.3847913314312464,0.3439329265037757,0.4199976926037758,0.3327433166007409,0.3219116485461864,0.3295947459532318,0.33796496464781167,0.34059370310467857,0.40627850305922175,0.33172693069859804
0.20294903932376074,0.1756372483749306,0.15204313131862418,0.15560346240755085,0.22127866839127003,0.16873254551775,0.18406961875922495,0.16554467436047723,0.19204869383267392,0.16315241079897902,0.2007880580827248,0.16903020041723196
0.13364787116068252,0.17763129394821717,0.12170041596494167,0.17817192279465488,0.14742059536974986,0.1717454927538233,0.15405485530200502,0.173196271788065,0.13203258459361086,0.1752468005131932,0.1392705425871943,0.16982586271436564
3.3496199880847506,3.521704838732265,2.8233218797146127,3.4443121168412834,3.294534234491947,3.424980973885376,3.1761502988699646,3.4644314275417707,3.4743012698429774,3.42799823833651,3.4859219105577304,3.403355545252126
1.6098841949095395,1.6594269338328604,1.6047775347223012,1.6880137748676851,1.7955858583155695,1.6311760595353215,1.6104442499240748,1.6104111907333634,1.5734323330928586,1.710686665095546,1.8182445628839208,1.6694153664421043
0.43307703230504585,0.3136721316675771,0.5272449649795388,0.33926857057553117,0.5464922703116654,0.32549546650974104,0.5106300275270355,0.30899534545183843,0.515298348844064,0.33032050345366537,0.4595121711846847,0.34265073358126563
0.7612644070693115,0.8243919868121956,0.7512975762864393,0.8348513324604386,0.7605095925915158,0.8054196553653561,0.8371287372059534,0.8098922956601842,0.69695961766347,0.8179895508209117,0.798028521989692,0.8128790263083141
0.38188834472018574,0.4172321486382005,0.5033243003727697,0.3988257680705746,0.5143729463942153,0.42312397478884606,0.5355984134493662,0.4117345563492697,0.4174021703002805,0.427207188920257,0.4635211352683341,0.40047416965902566
0.7047261798071882,0.662610352496942,0.633556339503108,0.6502913757787517,0.6468710891066418,0.6247434679774188,0.8485317950307862,0.6661098641488035,0.7429209678683362,0.6819501830304213,0.7836804220171796,0.7234041267181547
1.4925351657559554,1.7284165636236932,1.9872456252279005,1.5900772935469196,1.8511089885919865,1.6707564185417436,1.8277914292239554,1.602886357886094,1.8794339620770912,1.5825978232176394,1.891524146012183,1.6505229228531746
1.547185672055174,1.3457417598071895,1.4084272459644922,1.339050001290165,1.5233424767751085,1.3483043105948507,1.5102113548250429,1.3390888112209975,1.3376867127216294,1.413244897316055,1.4829798036014297,1.3716508402754823
1.5122833056015308,1.43224532572014,1.7143279266311051,1.4908310494581336,1.6135120618097396,1.4423673112317257,1.7830534022033424,1.4523617193223777,1.7140533851930568,1.4356907164769084,1.451131096013257,1.443881627259197
0.5525758700118751,0.5964354850652639,0.566305527325412,0.5211044863186888,1.0533922794348558,0.5651844253919442,0.49728224135634574,0.5495152506853145,0.5965585386962569,0.5731444506774873,0.4814203140488799,0.5862314718468612
0.17184799463118125,0.14817414916073238,0.14369803507205356,0.15282541839803185,0.16045161677099232,0.1484753714148337,0.1646522698051848,0.15009068903882564,0.18427611371372268,0.14759509063362214,0.22788647749595448,0.14985462144309558
0.359932000183447,0.2827501469632205,0.40399242111979206,0.2766689942689277,0.5405601448651732,0.26052440115602266,0.32066997341373105,0.28336641861217937,0.5367545139329883,0.27155478273760697,0.38292492263611605,0.27754103348775505
0.8871274379314782,0.9222487884906919,0.9405521832549882,0.9091448540031326,1.0185391845267278,0.8944551986384426,0.88638554152398,0.9106686205818418,0.9532300537834643,0.9006145382613736,0.9158499361889592,0.8898719728948954
0.47010592644632515,0.5741378842692322,0.5256117365733639,0.5593671527167551,0.5424949723650879,0.5589836040139106,0.47277664936841685,0.5836369239447754,0.4808691489625074,0.5607438128433542,0.4993015056157968,0.5728512582765715
0.16932663877960324,0.22078081860854176,0.2474360687542604,0.22522615162557433,0.23824975653087802,0.22425138688069368,0.15749335912831838,0.2225896708539652,0.17726241892576922,0.2294499004123976,0.19946920767826423,0.23032771103962948
0.6918195960559552,0.6570480117515787,0.7013049849430574,0.6788459358913406,0.5767528928281795,0.6490015963736687,0.5457047712348534,0.6774190703380941,0.6752610079978242,0.6640653227340099,0.6012318699430407,0.6962124870415263
0.21649471803769768,0.28778700571696625,0.21497952549269764,0.3109066259775718,0.24852786975255164,0.32419757589051756,0.22762564179223374,0.3288180828106531,0.12572379251329352,0.3174779702495115,0.2277017064474576,0.30634424208426564
0.3667736287519619,0.45995203266860374,0.25462618899380973,0.45356095546892533,0.37902132865139504,0.44657562108707727,0.4409002611750212,0.444646467353657,0.44853082253135595,0.4471242703704407,0.44622151815425587,0.43732102304741044
0.8596692262761648,0.9127461128283398,0.8526254991060362,0.9043059615514658,0.8286850119174279,0.9184505359517213,0.824958349096614,0.8994754043991221,0.9019192090909057,0.9056722613278372,0.8693749723180573,0.9007390897441269
0.39185184190903416,0.4313516296177455,0.33087658562431344,0.428013355371965,0.3569641551981146,0.4344908958027192,0.36952624172161785,0.4232232275451386,0.4091363999347237,0.423558094853795,0.38093385240257677,0.42105007842424147
0.27152654277667493,0.2300432500189747,0.20073275997878395,0.22549499039359683,0.3115437235095779,0.23037213643743965,0.21898607608275755,0.22282769179479228,0.2290655542470787,0.22778669342170166,0.22571586300566882,0.22587136285272202
0.8066190866611984,0.7390225664545669,0.7423124833391909,0.7286330821335532,0.7296950903323874,0.7150329586853303,0.7248237322055908,0.7211316000955582,0.7512570198389473,0.7371177522518108,0.713723906145814,0.7257092581893285
1.1078157119079484,0.9394929327460743,0.9846321954132797,0.924470118513482,1.0266125300468343,0.9320900822249815,1.028752346311095,0.9295077829609695,1.0068702804421608,0.9376045433877799,1.0173853248612332,0.9361225145084763
0.5429495809867722,0.3196966693731424,0.3960164044984577,0.3052618906528232,0.38822102821500376,0.3161797959659997,0.4459429079307106,0.3180583098052318,0.4519799169739385,0.3085560446788722,0.467476652621068,0.30754778776659836
1.7860684585360638,1.924300805189745,1.8556386581278363,1.9640305980842614,1.9294593175931467,1.9322287175913118,1.8939648583231756,1.935118854323184,1.8162225557909621,1.9358265564078396,1.8784656031673685,1.9329658286304598
1.3262769769172447,1.4407040492515415,1.4398410193176725,1.4117659471971358,1.6694200657113858,1.4089769268245464,1.773427948517821,1.4184185519326475,1.460138184873392,1.4222625809250515,1.5465971794409135,1.4193887717935092
0.47542213026978997,0.5247492382032501,0.44849498465251175,0.5382903895440543,0.4887197084974169,0.531665147248905,0.4839486336370697,0.5242848132466958,0.4748436308726677,0.5252197382493382,0.4780724191024793,0.5257837991814179
0.5704844638862884,0.5410429941127503,0.4529893274400685,0.5357313836197157,0.4972961865600908,0.5414519373849778,0.5648339303207033,0.557233321029199,0.570021726360254,0.5469069643180308,0.5139260816929223,0.5455811908103457
0.1381952320455491,0.14703837552013171,0.13989547369201136,0.14562964964563707,0.13187506863915097,0.1432761047063462,0.11231614103837474,0.1455657249174834,0.11832248650946871,0.14274961077330037,0.13720505921284842,0.1427520154451082
1.6773666724672036,2.188664581942802,1.9909641767436115,2.0931346842333207,2.108980479785704,2.1456958636688332,2.0343064173576724,2.154826563831073,1.8868679556880215,2.1918072316900505,1.9529339996197965,2.2180903444782536
0.2647247467323879,0.24207170939531242,0.2475142763339696,0.24441209281977014,0.3718203727720985,0.2440923606695382,0.3359123393782531,0.24455158834003302,0.2749906443304944,0.2489692761130665,0.32228734178899504,0.24774688194755567
1.660061958080934,1.626497099085541,1.8054837697269597,1.665772588346322,1.7559360525416559,1.628764110123636,1.6454966785742884,1.645115877307033,1.709112347694545,1.6943712825599646,1.8386510594667187,1.7202259558339286
0.14238318998417976,0.136501246566245,0.16457434707087618,0.1319553047068046,0.2330473082653648,0.13033097675621982,0.14427302658700453,0.1304889135777031,0.13334526317416306,0.1318468926724313,0.19725306944511056,0.1299801459346608
0.8601393511909721,0.7623128755971024,0.9827032602097133,0.7364904867923414,0.7779061156516327,0.7562075933293979,0.7393855536394717,0.7785071579338761,0.9800650098162279,0.7866978943490145,0.6659479891159441,0.7857084282979021
0.46034647097861986,0.4486415720841287,0.48211584490057646,0.4651216313635431,0.6448560491882467,0.4571996851590631,0.6370474018392693,0.43925553129078587,0.5410292051309391,0.4559649507192544,0.4983110818821649,0.4495709868854839
0.7694051583010035,0.5065306752977324,0.5632523028634593,0.5172513981753644,0.6030539192230568,0.518689891687192,0.5572541583062336,0.4825263174442961,0.5464994231001448,0.5122323202844733,0.561014881504845,0.4973588928113729
0.8376433779365261,0.9562088856082486,0.8760682945179047,0.9908736748331466,1.0290570946755735,0.9624238823998745,1.0747645672073278,0.9972923048544555,1.034189763440453,0.9910570203653466,0.9883691190983697,1.0106490304885483
0.4889272815758752,0.3905759434226958,0.409835380702098,0.38950192275616713,0.35818402311005604,0.3783128470202842,0.3548817032199872,0.40725477574835817,0.4569682900204919,0.3904617971754167,0.4435546616534958,0.39420579405639783
5.671758469955636,6.128926358983968,6.4591430551378775,6.349888983028049,5.702804161469383,6.414644564427836,5.019003246979564,6.173293035719137,5.857079498687905,6.210646472087818,5.661480330303112,6.2601391561629045
0.391301397093346,0.29722416754162867,0.3208241154481117,0.3113362565466977,0.419857403089069,0.31760484858021176,0.3381335786308708,0.3170462121010763,0.3033854066107535,0.3172286572173685,0.3195527679271589,0.3104405279155519
0.33973349608839665,0.29998913459194043,0.2769449673611189,0.30235306707099713,0.3518445725537313,0.29959970342966463,0.38666469070183784,0.3049058334698818,0.35674728869246386,0.29491542876296345,0.29255551367676447,0.3064739157686755
0.6587701633116602,0.772218834156444,0.6897359686733394,0.7694075661002896,0.5650868732159341,0.7757160737543113,0.7958915403782679,0.8272250445700329,0.6608139871180971,0.7909286385711827,0.6947195466419211,0.7922215773913256
0.21201459730038963,0.3273746694828281,0.31512988249486856,0.35462805284935767,0.32908730930099767,0.32243263416523016,0.33888843090448534,0.3277440895027649,0.4735753393461832,0.35480217241566875,0.3494284786101642,0.34256567145083533
1.8054663150377677,1.7786638027132549,1.7246677008570739,1.7397608699857539,1.8248760690321761,1.7122065948798795,1.7106457099190904,1.7468058328078886,1.773583001008963,1.7864333904275742,1.7180403343015256,1.770634882574975
1.224640512347065,0.7893850263002538,0.8320399068286269,0.8094036664820922,0.5799227437584025,0.7898616118847804,0.7678696622728794,0.7519148813552488,0.9245946034614213,0.8074523909965892,0.5041944841664767,0.7545963728251173
0.972179285804334,0.9876427300275397,0.9936660706104427,0.9894202081233372,0.9489182114438869,1.0004312151810262,1.0584285701601608,0.9974216700552574,0.9709700512327837,0.98918446998678,0.9563941593922605,0.9850491090914807
0.07816021237776768,0.09395906263558075,0.0736384252932209,0.09333941460462046,0.07832095743289316,0.09314485803448715,0.09258668862635358,0.09025570365035782,0.07768537891678233,0.09406359541298442,0.08445483174260532,0.09004727667085247
0.3907990125005639,0.3829427828518587,0.36654070046768406,0.3806963848020015,0.38463145580032754,0.3775796980566224,0.3704654425457327,0.38225157682132976,0.38514757070845934,0.37882114154018,0.39983105275306713,0.381973188503867
1.1972418115216934,1.1592573048871213,1.2479852151253363,1.145944243663572,1.1860747489199586,1.1540639605840213,1.152102113005137,1.1451669110307754,1.1658171392836532,1.16469951839302,1.2151737623854753,1.1452733002124469
0.14287891756872892,0.15249523331196388,0.17220311495843002,0.15848944858086825,0.2131223754315608,0.15685665319638212,0.1566823692905946,0.15824716190935037,0.19413025609831502,0.1549121109740216,0.19271267179138704,0.15233788649242153
0.9078675377458213,0.9187336071950208,0.9139112773171201,0.9349692145770164,0.9236458447381638,0.9209318672957458,0.9056282603844106,0.928678561509007,0.8690229075743958,0.9212536090617477,0.9009321359536474,0.9247622245524566
2.6747563429600407,2.6486561858571958,2.472167650646775,2.6450869701751625,2.509122045979989,2.606914785626802,2.40643808196682,2.631287956595404,2.689157343366977,2.658342307327531,2.672417829255867,2.6551560552971925
0.45693468134624454,0.31570951273963604,0.5688776496971962,0.31534921404483174,0.19813011240552286,0.32161517484042357,0.3537603577317129,0.3258270699555013,0.3145727704861495,0.32021508562364315,0.36047589623177995,0.32732020560475183
1.1477967294662372,1.050997304494028,1.18459657725047,1.049705555239539,1.3189094121172809,1.1179665062836013,1.0973437952479808,1.090752224364453,1.2912406222393886,1.0881850837234026,1.205789951393577,1.0745514600245991
6.953768933089267,7.465832216214514,7.465864149043702,7.395578971675951,7.188673814651892,7.402698781818922,7.148799757403363,7.311535423771003,7.089798591120389,7.362233568187193,7.346516053308086,7.398077937736145
4.8039647100572616,4.266830319365412,4.458847828298593,4.321441457216011,4.279383488386486,4.335092116075277,4.132957952541616,4.27626338495065,4.346329929307805,4.320272855673508,4.2881984996179785,4.283406059777342
0.18515533799975306,0.1900928016891529,0.17474911521855754,0.19734123080865584,0.1389631032536438,0.19096520476523748,0.21198137214831983,0.19866408002365324,0.1534758843688585,0.18630151625861155,0.2125116720186667,0.19263356311647975
0.401431984903092,0.41681654468223844,0.3982766837997775,0.43004439525637705,0.35659933506421904,0.424939572729701,0.39482338189396876,0.42277045896227083,0.37497587175355296,0.4192125387468444,0.403459180855735,0.4274231988971816
2.301666035739739,2.3275874597748603,2.308963448132397,2.3262817575960493,2.0215315358830934,2.3226476060849715,2.162748801790395,2.3264747586462575,2.231193521591943,2.332949263946238,2.1834464880325113,2.3135816569372065
1.680692788899728,1.817575649998069,1.4096330366892307,1.7265720837818772,1.1767333101754989,1.801642804722722,1.4048075564547988,1.7211156218617083,1.5012671949825445,1.7664359852846339,1.6572321666994714,1.738681070170818
0.5880569536544696,0.5994846561492403,0.538440159544878,0.6152371111476718,0.5595566397184275,0.6081537599396025,0.5992815423304272,0.6046016030760706,0.5653530505779325,0.6074589723730645,0.518704700295188,0.6034318188104848
0.9557642137970682,0.9198246255618663,0.8651526790917234,0.9410616303174121,0.8202992253522321,0.9196795376764322,0.8938662597835764,0.9255566909948556,0.8631181261273881,0.9351715714090761,0.8619907140011196,0.9344936681568166
0.20658071029896383,0.23170297524069106,0.1554901240717957,0.2415167078770452,0.2663823126532235,0.22529509321894398,0.2469009492066254,0.24516997928964468,0.291611573337957,0.23639510030851724,0.16619849055422156,0.24026561176050373
0.46300886182386725,0.5020761219276956,0.4485496929968378,0.48633628047132355,0.4892775002646364,0.4986995775764937,0.5159646122823187,0.4846055969279317,0.4439358966520768,0.49093932133849155,0.4567227556498939,0.48727144454387555
0.3063810073498068,0.2236652067045846,0.2803863237812036,0.22350925941282931,0.3538877835084904,0.22194160607743316,0.37179846985210135,0.22785715758647498,0.27495257254544553,0.22733773582116681,0.2792785358072093,0.22886440527020954
1.0698284168513164,1.0746235340156507,0.8737013465942519,1.0768699545579719,0.8647252928193,1.088751415460552,0.9661414878781411,1.0762673207923812,0.8229113848022458,1.0683248315941747,0.9571129155968141,1.0660211968617337
1.2512374676195444,1.1543355750946145,1.679016330226806,1.1770404945095618,1.4001749046655467,1.1727643206962661,1.5576665493493,1.16111114767997,1.335918879590678,1.1398990841394412,1.3180393810711721,1.130181773846427
1.326192699399488,1.4773509802006226,1.4495104313070128,1.4290004665371503,1.3365214676083836,1.495129511389855,1.359949153439966,1.5020499924338424,1.4276141454080833,1.477723665200977,1.381844574430008,1.4506016003518416
1.0733149279986494,1.0506575827896791,0.9984029608452492,1.0489783260405996,0.9949826271749184,1.0438751319556683,1.0431647449698116,1.0359942511760531,1.022226090831193,1.0461474081675897,1.0172148351377504,1.039573553005845
0.9648611046441689,0.9599936244465633,0.8741072400010671,0.9224745723495869,0.9010454857430513,0.9380775191898569,0.9344553525173609,0.9564662143947809,0.9263823415264749,0.941579746304899,0.8787047230618862,0.9340126054692963
0.2750410371802219,0.2856426184734212,0.2997214262134495,0.27656430205989524,0.2397606113786418,0.28151946731818656,0.18622842621856697,0.2699275499770937,0.24441799784535534,0.2780175481094059,0.2782047949131455,0.2718865014002205
2.2884333123377854,2.013270193888551,2.161512680273692,2.002340376233449,1.988707804380314,1.9881026982406793,2.0556199337759318,2.020056005087575,2.115572297249307,2.0204784083720364,2.15503989182404,2.0133873583653474
0.2603142710400959,0.25377506512053166,0.15602138256132475,0.2477784770637112,0.20042421921592135,0.2519194558178938,0.21412005829395264,0.25096515481796244,0.19565247094853802,0.2548863447906798,0.14801746064639312,0.25419790029939965
0.3823448980855938,0.35937098009460294,0.31931265372208534,0.348216962858213,0.33599949934730267,0.36029741834544327,0.2736068410142327,0.35267399506861147,0.31309711586504274,0.3585804059875967,0.37841507254830514,0.3602524570563621
1.0937583522145862,1.0467014647763773,1.1483895897537677,1.0399008296706336,1.1476821316687764,1.0723530640386907,1.1603409794166804,1.0485718376514948,1.0748906745686708,1.035650210165857,1.084753688161644,1.0665379508325277
0.8830123878892111,0.9126763753337921,0.7830734940588017,0.9296056229076171,0.8766099254276173,0.9112675529702057,0.8609957934277173,0.9375458452105245,0.6969069996683093,0.9266593994284219,0.8102815814873469,0.9567857031600437
1.761248316361468,1.898820545751624,1.7867795119585104,1.8297962863769817,1.7474331912833738,1.9059210441298513,1.6788690207366095,1.8769444126748362,1.7256732478942831,1.8644547603578339,1.8983181973696157,1.871487699821732
0.41562334563656766,0.4146757030876428,0.4287355639093692,0.41488062516502017,0.48249065290521853,0.4064416992327212,0.4399053237868527,0.4096004801014182,0.44376314310330117,0.41115291991984226,0.45362940456549655,0.4139293628780116
0.6321521397267962,0.4999325754027546,0.6117362718597582,0.5065110233059034,0.5401765709005891,0.5030248915599037,0.5795111215652828,0.4841526055840089,0.49633611645141384,0.49630800979604234,0.5198946409212677,0.4880756824629799
0.21804716893126552,0.19879459381535933,0.22840483955048319,0.19304474769706,0.3037681353099598,0.19451860895433842,0.3388013075622919,0.20977768712399897,0.3985574217782498,0.20282305013940233,0.4407143260927089,0.1987710312707627
1.0016805866851182,1.0260131761876277,0.8985065420949715,0.989309436133297,1.1346352396236377,0.9702843839532937,0.9951203410818774,0.9540704663720956,0.967142716737543,1.0077976731113412,0.9028703502914783,0.9977872033491375
0.9859345091327396,0.5190899649148826,0.5699829291274201,0.5252418625246277,0.9386334712666166,0.4830037400237834,0.8640505093304898,0.5173450779652536,1.102662255202778,0.5079005219009602,0.865546730027391,0.5098213406429493
0.45398408420624947,0.39656220845805007,0.40309321321034824,0.3915802824671654,0.393330870681419,0.3872671860059528,0.40622271447611413,0.3861336857812178,0.43147400013289977,0.3782064286836027,0.40368013817093273,0.38103127976077006
1.886223270046277,1.8495197327430162,1.7923880550146207,1.8245364668284239,1.876539297226899,1.839416357916441,1.8388397672871688,1.8150388871043575,1.9067577662204032,1.8303409240108843,1.8450976806339257,1.8456475240658037
0.47490286052728664,0.47592130434697905,0.42953581517640305,0.470826237235741,0.4635476474682927,0.4790274645564452,0.45648159585622755,0.4736277651266281,0.44282264246329794,0.47984651692224095,0.48031708119238914,0.4758370880562341
0.2516984402435022,0.16137512844695956,0.190019724271036,0.1557855861089297,0.21510091267509066,0.1618146148825519,0.34132586756791117,0.1653016935013872,0.22823129894339,0.16243146406921105,0.22134860644390883,0.16667670017557346
0.6563300708669484,0.7173826000752664,0.6749587857737815,0.7090690546107355,0.6313486837058426,0.7061385702754469,0.5611789481723275,0.7084642788716363,0.681972148269068,0.7110522167880675,0.6169406096142029,0.7083132829194986
1.5169392757666076,1.502969559610538,1.4682861022718015,1.4868475506769905,1.384058792115825,1.5062554158362647,1.370654267393772,1.5060155211553807,1.5223837117517076,1.4971261579757877,1.3707500339035674,1.5079985469118717
6.222244893647809,6.545742603976719,4.332267846058715,6.518848143637745,5.6417315307183,6.566327852666956,6.013470517863323,6.732514270882345,5.414042423442787,6.739532713033724,5.481591057248477,6.557373162691067
4.389270048768712,4.302946204404875,4.843911627960193,4.307568905242854,4.165681233486421,4.259143138374058,4.034805178468092,4.398913247455004,4.137475942946481,4.388557080662167,4.20766013260905,4.343991739359416
3.7004593314414884,3.8987884183205774,3.707327859463399,3.855402955812931,3.733940421804005,3.9365574052783585,3.6363342172514215,3.8130688037877216,3.5627738801381255,3.9383493528788502,3.167459659290426,3.896185453444117
3.7946485483682615,3.965796131100253,4.4107444407663445,3.9800403195443548,4.125482432190304,3.8072717957258075,3.621761040326278,3.860846153426538,3.935063252743431,3.8589930808844417,4.075433053456531,3.883265322115425
3.3169233084579233,3.2088193962648455,2.8390810591309332,3.142992651784038,3.158125901065528,3.140155342576348,2.7422338236916843,3.2004216285037916,3.1103019556648612,3.250343518191412,2.932108980926863,3.2686843150789926
1.2554991035726857,1.1441464497428002,1.5444330049865755,1.1982488748973827,1.4634811525625562,1.202168616126647,1.4969553899743693,1.2115660852552363,1.4374633702811341,1.2011958147398554,1.646467729394378,1.1969873146327632
1.16020672821216,0.8071471475612282,1.0145031119451844,0.7865935127366782,0.9409513938058384,0.7819957454156542,0.8550958799081307,0.7792108938342617,1.2589257000934717,0.8008370761921642,1.0641384080284488,0.7813354396531569
2.581825473589871,2.6754800784825044,2.96965106277248,2.707291091299002,2.4561893101677734,2.6580384272232003,2.474105172111793,2.679789093508227,2.8905141445936544,2.7389622655841834,3.2407541753223477,2.7678320330967385
2.356276188480324,2.3238269815824393,3.0761258520733628,2.3769528699930356,2.3853269055100808,2.3068386741574085,2.30582346586652,2.3286513889165192,2.3939362068993204,2.375895612807995,2.1621274161895463,2.3436439058066294
2.792282626626515,2.3392514796133743,2.3918307175035567,2.389559097623106,2.359288925153335,2.3706811174640436,2.4751790706250314,2.4177349563328154,2.7010398901065984,2.43859090325653,2.73699717777578,2.403835281436465
0.5471774274796067,0.524144966359868,0.5170941700010048,0.5402301630911884,0.6901550788071614,0.5310644921436896,0.4969284430153016,0.5269666874952437,0.6704388277036083,0.5112471287742336,0.6317185007543773,0.519063896270319
2.208054858204186,2.1683275350460196,2.6374159748358137,2.1890719601709208,1.8593410808627155,2.130295429864413,2.098680359311571,2.156852352046169,2.3829175678199768,2.1507628778979697,2.271250081988919,2.138390205721686
1.6755982050827425,1.0114871927510494,1.1391828354218727,1.027291463949257,1.4653943854173992,1.0321985542515784,1.2010942026485025,1.044965875678481,1.4243480247235958,1.0331626534717573,1.2888626323533379,1.0257480052637005
0.8613693781538707,0.9586754599697271,1.010441733758091,0.9505544034956506,1.0552292858697487,0.9737658011428002,1.269903763967618,0.9563034746669441,1.2842497796031542,0.9462277239899883,0.8907739599313613,0.9479136717383345
1.1040514628180094,1.4407385391484515,1.102124329208731,1.4220630759645905,1.436726711046427,1.403976770827286,1.0580696778378968,1.444762283868757,1.2069563404282415,1.422478786649371,1.0312341369857496,1.4306599696264826
2.79235892331057,2.9086360814462666,2.7726443459594923,2.898809487375851,2.6818853230239763,2.7575673365728472,3.0089663105717768,2.851884300742932,2.4309455698737756,2.825378620266049,2.7939636176006224,2.822566922456214
3.9837135123786407,3.6353104493012744,2.953810332040755,3.6102633790874297,3.632646812363296,3.6913550807270754,3.569165145377773,3.5764344349031436,3.7272857030830964,3.596740310666108,3.304200062172293,3.5565050216600045
0.9589622946022303,0.5278993973156652,0.5559994443476332,0.5704551602958644,0.3661438977198098,0.520953162453403,0.49469976360348794,0.510794690410643,0.7809607216197534,0.519366699226932,0.8798860125895419,0.5287877380000545
1.1502779445496736,1.3086302865233452,1.3022152913695135,1.280623872183094,1.2839678881378505,1.3197599581142314,1.1456777177060755,1.30251366950123,1.2212333928331982,1.3174043963225384,1.0537922459154154,1.3115907075056328
1.6936462515916286,2.0795992176310123,1.7154713666172197,2.050996944200393,1.9305435711720664,2.056078023953126,1.923256749810573,2.054756405855684,1.9939908448168873,2.0788005875512274,1.9048640034665916,2.0606265482712005
1.4799423830740717,1.2437608673242317,1.2167631142446604,1.2841125024820568,1.4088313856369388,1.2796035688011085,1.2820279306342108,1.2777983143551637,1.2385743524032868,1.2775010189925007,1.1016228668074375,1.2733390340692305
1.7250221917501394,0.8479724415339517,0.824509443028068,0.8371185858863563,1.2647852420046313,0.7880768270623973,0.9746235345002959,0.8631012617180803,1.0530647488778955,0.8029509896710427,1.1086359384535354,0.8767213526624429
2.5348367544450814,1.8592809083599373,1.9449755312258832,1.8746408426732073,2.347356657329225,1.8519015238298921,1.796467829352393,1.863152428878819,1.8412272627613369,1.8104641989200247,2.568081920347022,1.8071459689178415
2.148509042169588,2.1582570485832138,1.4530914731326374,2.1738705324879004,1.739015815896878,2.142347429035326,1.9134170937653792,2.2074008579894477,2.1021846768538635,2.189105085517169,2.1451307329122806,2.112843103514422
0.8948836550629018,0.4874959653015723,1.4903523891394912,0.48259698424759684,0.8062393308583107,0.49968826804315825,0.41425066808050776,0.506844103527409,0.457847070603786,0.4899565085683996,0.5561515778728273,0.4759105898792427
2.0307440914176045,1.6931116747295443,1.9089768454533298,1.6231792331606971,2.15929657822373,1.69494809171199,2.1393344225525897,1.631296148108131,1.93940768606771,1.668493040877144,2.0653138882552553,1.675793205563428
0.8465380868874441,0.7202926096593485,0.8032117487928033,0.7482096586118137,0.9122793905574071,0.7138164773921997,1.012371298858478,0.7025806814747905,0.9569126233078431,0.7072566243199802,0.9108380748947127,0.7178310698215681
2.7983208673005873,2.4446541758846605,2.3312535959690845,2.4334390188463066,2.6522396672632103,2.4348713382330924,2.492600207841687,2.4824954440748366,2.4163176668600603,2.453004274963449,2.762924463820091,2.542858427774029
0.3021539117426493,0.40233053398466473,0.4829677752454918,0.3978569348610839,0.5521825562890171,0.38526998405948104,0.741421261156381,0.4227697678622728,0.8244003262690489,0.407058772519498,0.5142650617438232,0.37409199170921337
2.409073395889238,1.6515680630676146,1.8572878993665243,1.5961050475566265,2.2681025180815904,1.6238321329606686,1.9421036514623358,1.5643119806319539,2.331855007648956,1.6086341048975799,1.6818907974054598,1.5531889339025136
1.0191270088971578,0.5664606933650107,0.4948024864892617,0.5222058499531436,0.7684563358052036,0.5590954680245708,0.7852519497108066,0.5344316531437795,1.153316558873948,0.5757122122164495,0.7509422003308601,0.5326437531652294
3.780691212835979,4.29729527264117,3.9203204742342925,4.3701065091113716,3.929236100959238,4.280520127525502,4.017583216324268,4.360231317476444,4.2697067099659005,4.277960319659034,4.170201258466501,4.354301406858055
1.1287621802229109,1.2789633912525888,1.1935528284440093,1.294332128028814,1.244649428374992,1.3007795861641869,1.3510124893575248,1.2805022800224224,1.0723074968453408,1.3066803872702115,1.2381650104592719,1.3036304190245698
0.7725719789986016,0.5609356356537119,0.8991351275202202,0.5358058191016738,0.7839960144911189,0.5866762996139279,1.0769238281853857,0.5726184554974981,1.3306568604847295,0.5882664836219027,0.9033657449154381,0.5637124857573171
1.2241410923129918,1.218696673028629,0.6923079584936651,1.1421086811185566,1.0849633329694737,1.1663336610354562,0.909433750164247,1.1383634607614215,0.8861853080489654,1.1803472460098214,0.9322175755607687,1.133324268356631
1.3355773181115151,2.112496390107307,1.1743617601011271,2.1596619493048808,1.6395778477479566,2.2023938421786085,1.3576523903293078,2.1242290071564733,1.4920904492864904,2.150978148656109,1.2181300005454638,2.2098764330556895
0.6782725614040844,0.9649034865030827,0.800435322029147,0.8845372693257528,0.8290005774163131,0.8976478471185347,0.5093506415896235,0.9157133730112406,0.8163348670043648,0.9539728348960314,0.9514556561507581,0.9314911819432332
1.8512808182909206,2.1125757541802646,2.331968286831683,2.1489131576315823,2.155755549595597,2.101712019621101,1.9140828219360768,2.0865007642615256,1.8711621909213603,2.095285113536881,1.907701348438159,2.1155174915255595
0.19951927846828868,0.24811078059932287,0.24427026767902563,0.24898529223763807,0.22715351425570732,0.25507599867629926,0.20773117089922072,0.242021138369413,0.29038181639915095,0.24768182984200784,0.2003062415066175,0.24946140074654988
0.14207306794922323,0.2144575088790661,0.13213923585632614,0.24185138329196798,0.128535858073112,0.20353097871604936,0.1503955440743626,0.20638592337406433,0.15388622949785002,0.21085198512052214,0.1657864015161799,0.21837161392229906
0.44267404632346563,0.5424988943919803,0.44454797137787627,0.5455247055192808,0.4164629231441746,0.5709628256977507,0.40871001972671017,0.5427757498663011,0.38652615388862926,0.5334326313579555,0.5020091287388693,0.54247230034574
0.35762306852443115,0.37443177741535255,0.19010949647094247,0.3651410902187874,0.2172694976309408,0.3623192148859646,0.23003020771542354,0.38708653676357996,0.21787707371324086,0.3788530117180375,0.23613775505082288,0.3751439016567513
0.24526450562191726,0.30843552008694997,0.26340293738246817,0.31697605422103925,0.247565779745239,0.31430459056416754,0.23037324362554173,0.3248399524675412,0.26251635005849605,0.3213205307787188,0.27864599930821277,0.32162139416406943
1.4268094648394303,1.332614407225766,1.2911530712348842,1.3228454751382714,1.3392869692225946,1.3683782883004074,1.3437781554623573,1.304898581470845,1.0886466402120578,1.3245369035790804,1.1514194327268423,1.330703480445204
0.5074814434509166,0.5959889199802841,0.53477314510314,0.5919587735481358,0.5126666053046764,0.5943496858092278,0.5475145786293606,0.5967961206347824,0.5285528306460948,0.5947873856809142,0.5005412149301176,0.594651341140863
1.8354679508764957,1.8542440201445392,1.9906944233374912,1.8597298742728794,1.7873081238331217,1.8308208585444188,1.8468222524883373,1.8515018665476943,1.8412599297988554,1.859934099342422,1.9789848719142618,1.8456450293092033
0.10057739703735077,0.07678120059969609,0.0990452276416856,0.08080903974181149,0.12158803984317947,0.07875950246707467,0.0817028450414741,0.07882446369946297,0.10202582244968847,0.07875618229769532,0.08833830777821967,0.0796313512512765
0.9822154647801756,1.134840910022103,1.0967094385672636,1.1461302684974086,1.0149832218033275,1.1696035352638667,1.0400344284213616,1.171978908951541,0.6703104942080839,1.1704915779315466,0.9913463344325271,1.1783064655013706
0.5262160247487725,0.8063414390786787,0.629648573996635,0.828451972824781,0.6540781042018283,0.8105554889077137,0.7122401467882481,0.8131231769561235,0.8027653529676233,0.809060486754077,0.7338879334128698,0.8371992007272722
0.2572312255155135,0.20896561349607323,0.11401838698889251,0.22322904344693237,0.15621858871448702,0.22807656627615164,0.1860740058805393,0.22506844661002876,0.24575893395681228,0.21894074645550327,0.2823707759275364,0.2225675187048992
0.3166914023092839,0.2291562795254165,0.12816730461289894,0.2282560759063148,0.24463462797484356,0.2523262913982572,0.2635664852661099,0.23610796019402594,0.22019436383185195,0.23032350669475324,0.312317357632689,0.22380670887908874
0.7253102630331373,0.7232167943412012,0.7614246700315558,0.7249615898729261,0.7576856774809961,0.7184863462867846,0.7670465857965117,0.720607534028609,0.8137578663673453,0.7243633260053847,0.8234159665686066,0.7188426277932886
2.896936167989644,2.921514143863438,3.415727517747588,2.8867722901041124,3.0644006297461264,2.9883434120481165,3.903523638437518,2.920996126064706,3.074131453223547,2.944184768629519,3.3311621471415225,2.9324803299221958
1.7053286584310663,1.8899815801340087,1.7282130711579773,1.9062272628873556,1.8733917616204971,1.8816501602768758,1.742678887890154,1.8798508776003915,2.0704194118606263,1.8967153901483245,1.7712171751298094,1.8749137989908802
4.527426111947927,3.619485426784175,3.515334912031804,3.7726092732944467,2.8211140352572666,3.7344703172358886,2.95840660949131,3.750460641129436,3.303461510682023,3.6782442004370526,3.170396774333925,3.7095150477863954
0.5897359810422709,1.061763629379135,0.8831226283265892,1.0579800696896409,0.8702477724178636,1.0416810985842377,0.8475362575796341,1.04655929942709,0.7837627946998772,1.0341417995123037,0.745362803814658,1.0794892863336005
0.89782334822502,1.0971757451993807,1.1115452608821015,1.1183559493291404,1.064355398417767,1.122909262916071,0.9535898894364305,1.1051763297654336,1.0261265958970258,1.1250801493009879,1.0743801609633008,1.1170371160784769
0.9519269876555919,1.079170794292724,1.1079995710576485,1.0924990046625265,0.9425870160085683,1.0912570105050234,0.8364062298283985,1.0861802046166849,0.8798939156616624,1.0778525559831507,0.9584993549933689,1.1049984364928442
3.4773748638163067,3.2824826756056935,2.709856243451625,3.407065365830342,3.1414024790774673,3.3873850185931844,2.805233306081222,3.3776573177446507,3.2825514410219125,3.4185377158152535,3.4507330832976844,3.472753073562437
1.2745359059277048,1.7092773883717771,1.0694765900860779,1.6468871746870644,1.4785914203662156,1.6803144540365724,1.3596015278963929,1.7103301950887517,1.484369698116028,1.6926468225180513,0.9471150318744191,1.713869470338563
4.47647139493689,5.766947860952423,5.622735932663173,5.856354101873554,5.1142762133017765,5.974104057392761,4.852446113368839,6.016796151305934,4.914213177686907,5.921616087669823,5.192223850042976,5.987145485243634
14.936635336840144,14.873227232966931,13.641711555398238,15.145625957176474,11.460612012549472,14.99930684199607,12.0814179617762,15.119691356306145,12.565779687973752,15.074263776320699,12.971882735027599,15.047320769179276
1.1937977951960617,1.0276609796256095,1.068459916332903,1.041866153989874,0.9356511972002333,1.0526415827007136,1.0169154717949929,1.0109295789129598,1.1087428559148496,1.0347997304386076,1.1744060226883846,1.0325152264131432
1.237586633333894,0.9396011687404678,1.9407825494709914,0.9716966982391572,1.2089387112759278,0.9966470579474833,1.266746841451384,0.980051836355851,1.174354092583423,1.015013529004704,0.9559089003421637,0.9837179776444147
1.6204497040574926,0.9807336478447347,1.8018662812138586,1.018202756055009,1.2386511704872458,0.9990507331751157,1.0951913951411458,1.0166234657647797,1.1943546080899003,1.0204086132142003,1.2292072793693707,1.0112082970442882
0.6981005270606753,0.5771930226351805,0.46167504545286836,0.5622885258031114,0.4561449333006312,0.5706117125823856,0.5096640161322712,0.5838003082431886,0.5804940101573949,0.5723961454122348,0.549350271218824,0.5676478871446695
1.158787615290671,0.9733007883314757,1.076570031598895,1.0111109686598216,0.9760156815963681,0.9684190302011197,1.0037853028853525,1.0031303833835974,1.2286868437986163,0.9763664042942771,0.9664960212642282,0.9864657813326373
1.4479559734872884,1.655020980125298,1.474632401362306,1.7022335734518044,1.1282225410551876,1.6977020338532847,1.0186063127038643,1.6616598595270005,1.115049895922669,1.673966911191879,1.0493292956440838,1.6469896808735158
1.8366368330144558,2.1812271682214726,1.7891553458301785,2.167267109542019,1.715047587706269,2.206025364993448,1.928121132025931,2.1469999460660256,1.8318814385442812,2.1681416901869053,1.9074649401705308,2.1781917259983703
2.9971720335567795,2.8473912988877195,2.9771845578547467,2.92669296543904,4.067484172293801,2.869248303073269,3.0095869844607837,2.8396941756022684,2.8067596085250863,2.8637681039993765,3.0617229867016147,2.9150616064868355
1.9777562884144693,2.0419322956687735,2.548684450235965,2.0590056454544485,2.5342566563933238,2.096116716688672,2.329652689049221,2.0552993868802436,2.4298615740893106,2.0739069296874146,2.559421001208938,2.0955372404876784
1.2340764373732342,0.9694456539941988,0.9809148796255593,0.9569668734313836,0.859394442586984,0.9708570907031423,0.9604498264766113,0.9760015197809224,0.9971390838241048,0.9989492542932834,1.0238978285467164,0.9852860138434175
1.4304321977363286,1.3111577300182344,1.260274883128574,1.268392606942004,1.3203979692183814,1.278833867125944,1.313531730722431,1.2873256393426253,1.2468737560602021,1.2705674046490534,1.4339695648508444,1.27686277668519
0.7886431774158872,0.7536493469122897,0.7180134081300754,0.7432048757012932,0.6715155959224273,0.7417330055582201,0.7754477363203942,0.7570960963562028,0.7931432612878787,0.7547996217754002,0.7552628645956944,0.7531620483887241
1.486579594332301,1.3634686596135464,1.2430374673206526,1.4039789416031758,1.4135039546790302,1.4624662662892993,1.222749238251849,1.4258408866402605,1.2855056994745693,1.4085910273940547,1.4787422272991055,1.399043649928862
2.290423263828115,2.316260807138928,2.4030785814413065,2.324137463804051,2.0357883061869666,2.317384980407454,2.3861079204987163,2.246587212077278,2.2374709015824856,2.301320941268128,2.1169093854877032,2.2629006203901385
1.5662792993094659,1.7433972194099254,1.5528174117685918,1.7288221670708561,1.8312184567274798,1.7131142896579197,1.8275696887346122,1.7108823937896107,1.72820895942449,1.7357288441775547,1.73826683283491,1.7295439645310196
2.785467073924034,3.0316261296469813,2.693655156590645,3.0620453780844623,2.753658499823198,3.0850883482739238,2.782808366930819,3.037066632753043,2.888993748266384,3.0353342713870086,3.076618648904007,3.029982645149278
0.21411708861274933,0.15961741932726253,0.15232874287069992,0.15459794527593076,0.14017023448969437,0.15330664199617436,0.17547956894823713,0.15845886234319842,0.13684204672119155,0.15633379604667708,0.13550906504649893,0.15718670927249326
0.17335704618896167,0.23826450140763272,0.24342581341079186,0.2369681653454134,0.19516441722811653,0.23374927084103017,0.23966742192886784,0.23857779964567802,0.21558012432280527,0.23581064498800283,0.22967123976469436,0.23395773580751933
0.590986400436673,0.6198361803359876,0.5400238769368562,0.6171591116059766,0.5195287869843179,0.6227855367532273,0.7399616149124277,0.6226438447573027,0.5095798551466704,0.6212993824241294,0.5983344800311888,0.6209776609133745
0.5219144950497233,0.6791233266381697,0.6781030896779698,0.6703086031896054,0.5651859555218891,0.7085156413524615,0.5548745492339812,0.6919346754202722,0.5599258888379487,0.6928168747189429,0.5433962659577698,0.6773720878522913
0.4955070609190103,0.7543688593590084,0.637561823756913,0.7694020816413804,0.6718822501784047,0.814235503253054,0.7152212343605729,0.7798968944128253,0.6763031757669573,0.7965325428798767,0.6823880228436412,0.8041720737883182
0.22134882094675662,0.23438883792871928,0.14916988467841602,0.23284270234585852,0.23450797725762795,0.22594840465266927,0.21819245879691682,0.23708655865185785,0.2255689257960687,0.23328941220134275,0.21213051224956875,0.2329203602376806
0.182754415280743,0.17890954384021066,0.21281107171048316,0.18189212631701848,0.17289937882136447,0.18061431140459705,0.18598367277019043,0.17612887067548372,0.211278570561298,0.18569455074681634,0.19084591827868186,0.18014941249400424
1.0557580713557542,1.1368963317014742,1.0454204562099891,1.1181006191596619,1.3045244737041561,1.1127972799697665,1.1303802939867604,1.1222944551756322,1.0641929528398537,1.1161119328811622,1.034983305446184,1.117993405288112
0.8813330790547772,1.0970699156795132,1.5077494454001579,1.0958944835600153,1.0243681921047887,1.0874857452459235,1.144344760752688,1.0811375869839461,1.1837785094947735,1.0910871263648068,1.123658698718095,1.0841738567413945
0.5735391589148827,0.5146932784440977,0.5663204314913333,0.5109441089648789,0.559533222239461,0.5149642352757379,0.6206102821779685,0.5135007700713635,0.5243357766626826,0.5137818810957551,0.5664619989313634,0.5122471515452679
1.0649753434389109,1.097081687998868,1.1260389814362235,1.092447722122509,1.152313087834101,1.1010122052489426,1.1058367082201594,1.0956032261340611,1.1298921368341626,1.0992835887830865,1.074518664701634,1.0970915708434255
0.6981775078903064,0.6816293068541731,0.6656322245009568,0.6839440571578793,0.652977304484569,0.6855866795685651,0.6828511332909838,0.6855218051559044,0.7026556673600465,0.6856225605997252,0.6729574658324513,0.685584830728758
1.2965674809152266,1.3969804451179406,1.3810204401247015,1.4015299242982315,1.2723647376867626,1.4035621273452519,1.174892959184813,1.4111951019586746,1.0906667833516608,1.406985090894609,1.2037864164852647,1.4007895217439625
0.5300861140415254,0.41430866422449436,0.4357244625108721,0.41613645543302913,0.409184499224873,0.42669552573678393,0.42637834110456035,0.4143899168475149,0.4293141518709102,0.41776696357699783,0.484607547506485,0.4243603090072305
1.0681940933764618,0.9513808388369305,0.8608913242870474,0.941959765368906,0.9700702976443879,0.9457933795387857,0.8774614938061359,0.9433197818618964,1.0743056946980347,0.9539039959537619,0.8990038675006105,0.9403869103141105
0.4454479747264799,0.23616753480904476,0.4119478270875649,0.23467277379257212,0.32437963600441877,0.23472047337267937,0.4242599780454383,0.23650535350802335,0.34874972262419013,0.23003765451967248,0.38559304149571294,0.238960598885595
0.8125364273404814,0.6945880730321194,0.7594219675207458,0.7034579079866786,0.7546824177183318,0.7215191633633893,1.0322046381970844,0.7090210461423435,0.7275528939978524,0.6964354287341777,0.7664060840797163,0.713154679901833
0.5966377758611127,0.6484997075041151,0.5739430029941966,0.6476238847574686,0.6030932232279865,0.6509921743557173,0.5872234698391147,0.6513783352632943,0.6160190722969581,0.6508322830279929,0.62889771344653,0.6487620071747522
1.2240223580236405,0.6370983995948939,0.8136648328489834,0.6347929956467666,0.6746030154165443,0.6586863195894681,0.6413832890781268,0.6382870939219607,0.7937468739392547,0.6370251877315949,0.6521856680784136,0.6462358965297383
3.2325990831572913,3.360777769691435,3.4603210901136237,3.3688290718391554,3.1023716491903532,3.37752585159664,3.433471967215787,3.356464063445529,3.2181090973283633,3.366324480589421,3.4133951164588296,3.3743524709466652
0.13317134587635432,0.14008576122663985,0.21742497953873735,0.14648342441347362,0.15415592615066442,0.1398936626116936,0.1693760645624206,0.1526658539780119,0.14573583102924756,0.1465842770271725,0.14173451020137542,0.14617358253392287
1.1844423054922937,0.7212693924607664,1.152466311987998,0.7291858647545755,0.9408070185990369,0.7344806257340111,0.7972861612883695,0.7323577234228011,1.1357723893825298,0.7186915640050388,1.1245040873351713,0.707055323593936
1.4732245987014723,1.2536766509778354,1.1975239337087933,1.2879900651453986,1.2869940820599448,1.2821866460185563,1.1077522802051964,1.2859908964877707,1.2893199274911684,1.250936194056332,1.3328923907281436,1.2707089690091868
0.5255183425934189,0.49792407823064166,0.46658184360355054,0.4957753045130543,0.47242692155049604,0.48969262267252944,0.5141233194951168,0.4948305535876494,0.4867831414713045,0.49517283717915106,0.4897710224255518,0.4982225760649947
1.389215995050638,0.7872298088715782,0.8249067127900769,0.7928828471111211,0.9490842273368963,0.7932302868060619,0.8815069891947196,0.7913194322967211,1.1569405647749043,0.7878262536141107,1.2846866858880885,0.8145093563183762
2.3654400264660183,2.5601990692848338,2.3054564721053237,2.5469136043639855,2.4187678828418724,2.554265332785662,2.4518538912990335,2.53117525599048,2.344613972940757,2.534140618525766,2.512712473946302,2.545536456614058
2.554438750210275,2.1662940385967215,2.4420663969818763,2.158315415348062,2.0126735968245297,2.1591367115713838,2.0135820232221255,2.1465883453190022,2.179939469138909,2.1431075689659105,2.207543960865259,2.147848570462728
2.726277181248694,3.1433968963063137,2.4990346805189403,3.1054109268362438,2.9928850998632277,3.0946974427361025,2.9311612530499684,3.1267261780036977,3.152262572231164,3.119348517884668,2.8098314898626104,3.074633964772761
1.1172747078140937,0.7256851346791948,1.2021251531923443,0.7221668807404039,0.9801136839860531,0.7178922022460004,0.9873475460278647,0.7258049810037036,1.0192063245207972,0.7242204533734184,0.8509972265067859,0.7220052784427097
3.2942928655194335,3.5056304135440763,2.212227913850753,3.6011467882905555,3.0174660863796183,3.6276580002811394,3.185559154582964,3.5982868741164977,3.8046689434199856,3.557256905409793,3.2752356027688814,3.5435067230059993
1.9759616295321172,2.1597461175491373,2.2306714899921434,2.161979433271142,2.104933766506309,2.15192145847327,2.1703323807045405,2.1406460681219235,2.138484929097034,2.152514200900295,2.2953334089986788,2.1557379141011537
2.1159445119543836,2.3449898423991233,2.203741421488562,2.3338104920556075,2.4051859677304344,2.341732422063411,2.273293294724113,2.341079886958337,2.1846011449346503,2.3478237537461193,2.2005684968875805,2.3567750350037833
1.0972619433209994,0.7962626983401535,1.0453664587953673,0.7726608152701392,0.9977739718681236,0.7929319876064032,0.9171442898405888,0.785100200106453,1.1851430585313125,0.7988549552591422,1.0589198766759615,0.7875866997825707
3.7994209134467045,3.1709177605157213,3.051349096237278,3.324076764667774,2.8279484969255884,3.345787270202321,3.6022751061251372,3.2680614592025985,3.1150751272963544,3.269999958488319,3.7422238617659658,3.2805684438256377
1.7697259661361688,2.1516258856719985,2.2468202494531293,2.187154415055869,2.150479726019252,2.161386975358115,1.942443595308905,2.144377090159804,1.9992025881395745,2.19646885464386,2.465103641889998,2.179375244561309
0.7052575149420286,0.5005560828424925,0.4621125582558492,0.5023397082806087,0.7514002709064284,0.47984859308084465,0.6037448534516148,0.4649390838432417,0.5780465159034764,0.4907716442433175,0.6415850213559574,0.4911883381929689
0.7725548387407652,0.9449787710987615,0.799271899369041,0.931355986768993,0.9137677536921022,0.9301220303467795,0.8500719412985189,0.9438302661258655,0.8158074966007992,0.9369389234191133,0.8627810372043339,0.9388477816850722
1.3230823243547682,1.4406461821364631,1.259637586726754,1.3971521989443625,1.2207566444765037,1.4150744380809672,1.2285677390879262,1.4340626913356507,1.1996049979980805,1.428375580080103,1.2581866169232625,1.4268973000381446
1.3021774280323457,1.2005988045332414,1.1575686281940374,1.1910263533193162,1.4333838309975317,1.2412369552345766,1.3445401458462534,1.240061648867469,1.3919862918565948,1.2242166668601893,1.2786542746372196,1.214922469407954
1.5730250731199662,1.5625263824838314,1.2372282528824776,1.5450845230291215,1.5801201788909136,1.5576549951495104,1.5942989256795332,1.5357938143144523,1.409754195753654,1.5571711188639543,1.3794569234145853,1.5818559839010007
0.777573799643443,0.8036040065942488,0.8732982829923787,0.7960716340168386,0.946632971437837,0.8022110874702422,0.8305672692884069,0.7931129244329137,0.9029657145193907,0.7906990577878321,0.7630766317435895,0.8159313515302979
1.0648463745357684,0.9839978854790722,1.0593574134496848,0.9876916535309676,1.035371303389029,0.9809948741528964,0.9647937889009028,0.9812670560986502,1.0334704736156437,0.9819741074075118,0.9341217545854953,0.9823666858310943
0.8137093565169001,0.7837725263474475,0.8174534956999876,0.7818759390113136,0.776973851391975,0.7786340548572258,0.7286993741619364,0.7733093560912468,0.9006751966678362,0.7750615983310276,0.7218682171192892,0.7791044502330464
0.20911225227071792,0.2334189489861064,0.18546653309168487,0.24070193001009835,0.2630786197863875,0.24174480970677545,0.2506404582201958,0.24111748174015077,0.2511198133410422,0.23741680249360964,0.21822496174610467,0.2418013024303192
0.8382641210351522,0.7107302383388733,0.6885757480896125,0.7503244865206333,0.7852019006455562,0.7076781309224348,0.71981493672929,0.7182861849528184,0.7853627999877258,0.718450151490428,0.9194206864879717,0.7185127783086894
0.7549973615667065,0.8380219662001754,0.803370994711748,0.8344289092268298,0.6971857381539336,0.8310665118279986,0.7614333592799252,0.8271752596463501,0.7753264593940351,0.833137698328166,0.7656823005441012,0.8363072720684119
0.6977573083650999,0.8227290009655411,0.7472701828930376,0.8353629111776905,0.7157843943753975,0.8224968129258281,0.8685112601218127,0.8393352589694307,0.756086697281868,0.8288889554475903,0.7201825815930121,0.8320999434266436
0.35199411252486446,0.3409505925900062,0.3719272443663876,0.3392523564024468,0.36667990346649226,0.3405365504650956,0.39262364385912185,0.341620046421019,0.3919052749862851,0.3439394720352779,0.38074241266081715,0.3417522954882447
0.49507846068357103,0.49448172133731355,0.46869614272622556,0.4919279607749332,0.4502563409504122,0.49457102773770617,0.465121995470087,0.4965701974526242,0.46763386368786886,0.4963616750648003,0.4719034677225063,0.4981574773030228
0.3733231529548571,0.3155202903305064,0.3998964676444677,0.31853545350996715,0.4080412727938274,0.33485397422707636,0.601021840547961,0.3099112209342048,0.4646805434571173,0.33237862616661107,0.4978656905856092,0.3058342078208632
0.2280322109214278,0.21824406479282157,0.17717707760289567,0.2188334179773542,0.18204759374339408,0.2180988036565041,0.23041820215653527,0.22648403554134655,0.25143143820405794,0.21581875586638077,0.21100744034699423,0.21990461469137168
2.4256900959848564,2.2881066192017276,1.8530097057862198,2.3073387436463517,1.8162489999037679,2.2932516978257014,2.030978871742342,2.2482791257203085,2.3241945830237642,2.234692634929076,2.1981680062348237,2.254999449171845
0.18986703519577444,0.1257653402680025,0.17707673285498537,0.12212314147377736,0.1415075273173596,0.12006599114587418,0.1484502163187332,0.12085497940651384,0.13685993378114655,0.12252922702221891,0.14302490227579878,0.12107317457136517
0.34082433569374787,0.21074286694619843,0.24237125348571656,0.21401255757318696,0.22368255783772292,0.21049950681020152,0.2411554580898833,0.2136097097923721,0.21002940182163696,0.21258966156500783,0.15299398060200728,0.21291452961265583
2.1201884528701767,1.6204208331870351,1.6275118796905181,1.5924908658383767,1.8091863102888812,1.6510038745913957,1.525837620054021,1.6727428523525525,1.7599203182055663,1.6407796961220331,1.4714113975296523,1.6697645696225134
0.9650917901646759,1.0330613304129372,1.0150158960032456,1.0380254478213142,1.0513360302973458,1.033261078250566,1.0351636357907927,1.0287191106364015,0.9853460161666416,1.0270905651880702,1.0203271051584601,1.0271677910421106
1.5037737989647213,1.7508327383245434,1.6191999580900571,1.7669942976611104,1.5367928267251934,1.728778604553289,1.5171595015908046,1.7506565362123845,1.5883598645922834,1.7530267454110784,1.5091440591236567,1.7561358202863337
0.7112328793737854,0.6664218923397175,0.5244904547351925,0.6696354234008988,0.6253641036279373,0.662304692792772,0.6317163817755217,0.6714787020410059,0.6402598363747128,0.6751544076903572,0.565154766603144,0.6702345779120716
0.31832380071254956,0.3110940034733994,0.34856141090441123,0.32145617681475785,0.2581853143662233,0.32288223528116256,0.29814803314818084,0.3236657423892185,0.278272341587747,0.3181768441916414,0.34795159750120436,0.32678027255057945
0.046378537409384725,0.07325313150733827,0.05709072780450689,0.07099247917043912,0.0680083720447089,0.07349810995609782,0.05620111923053022,0.0708210952610343,0.06759920257594243,0.07015072527991,0.051619190202303745,0.07181334593051159
0.2296368752651572,0.2529108313784621,0.18411009836963182,0.2430289431698723,0.1773219706246096,0.24617577802619284,0.19962070495475473,0.24492653669712336,0.20235697689630822,0.24073028507686628,0.1872151861658024,0.2436451427465938
0.982020461337467,1.104690800058975,0.9709404917829136,1.1160767216891545,1.1021254480964238,1.1197837564173723,1.2687614840712995,1.1061858499322361,1.0589877193168409,1.1225705643920845,1.2738880090708298,1.1127799391335578
0.2692489601351197,0.39032157023032304,0.39273940966580856,0.3890977381640659,0.3285576169706784,0.39552190094305484,0.3503042108659143,0.3839307395608224,0.29232787258846116,0.3959698318986059,0.3117178741651328,0.3869100819667022
2.225622965794117,2.576317412962733,2.4153983129360257,2.573972443770306,2.632577847229427,2.567732903624955,2.5847200635653524,2.5635934014168256,2.440505426097206,2.5706715207167856,2.482133120685304,2.5648355072526523
0.5977592602481158,0.44213510802493894,0.441606631153874,0.44951098899839076,0.46793369511549177,0.43681917852279967,0.37000541603486575,0.4464218104144115,0.41804380176692985,0.44412322274737986,0.3605229811028145,0.4511365062900861
1.7019875896175203,1.5114763323604417,1.3007071892964237,1.515588855335318,1.5963223962524509,1.4904459796527496,1.7177347052641763,1.4906275494941819,1.58563303317987,1.50177124805852,1.9329657151475954,1.488993532044314
0.5018515992155377,0.3845969543183345,0.49280287021338326,0.3866995836959019,0.3850520153595601,0.3958812702597761,0.42766429353259183,0.38447904592953025,0.5151967929854453,0.3735956015618656,0.44484843866594126,0.3869661480650092
1.6039441053729868,1.2782143233614194,1.335394937894718,1.2348625764445154,1.3087124273151607,1.2604621516732908,1.2206985892287003,1.264903547075298,1.1590419947672546,1.2938738346320606,1.1435136873600718,1.2739693851387177
0.6187663012380902,0.3134678475684315,0.6227540774719907,0.3284636766199395,0.3377880807126496,0.3212530052303714,0.7259617594189465,0.32001507012741215,0.3233436665498842,0.32426147278938316,0.43462276713088627,0.32032334032694576
0.35682933872495326,0.3461043504082783,0.29662383524822683,0.34318718380666485,0.3301654764006551,0.34281556742462455,0.3103668949956865,0.34376780619584224,0.320629217648244,0.3465018637439948,0.3534376468314202,0.3453667422740097
0.23760990343878424,0.28168198644295495,0.20242394986594583,0.2796430128649357,0.2393949070375698,0.2796243315806638,0.2794393845276738,0.2813342254645535,0.24426834353645602,0.2789984926329211,0.22232817947864822,0.282363532124598
0.19891303979603572,0.2395408424809105,0.2189148432012835,0.2316869302964449,0.21561866181743153,0.22867628729661688,0.20658394937370897,0.2317620776826003,0.18894610296101796,0.2324928355804894,0.18809917938829981,0.23928436392456756
0.032841143724124,0.044442950082858104,0.041770469631596294,0.04248885926325436,0.028888737877187837,0.04249339048884801,0.03929530426209742,0.04471941118101399,0.033901452506874076,0.04334988636994148,0.03417662544675663,0.042024905200191434
0.21204423232918448,0.19959752455868512,0.1927502622327209,0.1872227651662002,0.1229438101825993,0.19073705112312975,0.14292796994085574,0.18996684756446036,0.15152550489441466,0.19230058164149202,0.1456100222585267,0.19885097378423353
0.5453020047404726,0.5200025444678095,0.5469710141164813,0.5207836027789212,0.538563505757489,0.5193119310999407,0.4987630024841744,0.5194515578890843,0.5253208690489811,0.5224496511737076,0.5344824466970918,0.5210977908902307
0.6723685719098313,0.6299448876618051,0.6263745878742252,0.6315277997867202,0.6333664951895598,0.6428239533888075,0.6154103408777788,0.6453601515818869,0.659740667817459,0.6388167472525053,0.6391417962470759,0.6442594676675667
0.5587764154651929,0.5839096294456726,0.5166885808278913,0.5790176846533568,0.6850479241713449,0.5889516016664107,0.6343132466399389,0.5860037476876465,0.5865512776183484,0.5852248222024042,0.5768745564425334,0.5857362291480855
1.4513158612486687,1.6158293603345668,1.6105169166352575,1.5953865563614347,1.57003408793372,1.608677260265754,1.4509990560812773,1.5906293302778836,1.6331800158632894,1.5984665629890387,1.4608648507430957,1.6206291419151406
0.6479357090265431,0.5481341224933869,0.8415653439943711,0.5550065011713154,0.6862024728736754,0.5668532147773153,0.6620626922647721,0.5573567711833097,0.7210737909457205,0.5665822486711365,0.636608188236753,0.5586615845453083
1.931126460514351,1.9235505979414647,2.1373074116181017,1.9136922035965704,1.7845344140507773,1.9522260594872936,1.6758195994973448,1.9169729665091062,1.6780404987109727,1.9134680004132876,1.8611956413119675,1.9046854090677576
1.9963441243926476,1.596654717308404,1.0392128092878306,1.6673336427467436,1.4608523602923351,1.600559456999566,1.4961888800792005,1.6279889124959783,1.594877603996961,1.6070147957081824,1.1079368208985152,1.5746729659936323
2.3007817470647067,2.4164179174394116,2.021687718014207,2.3526840926275,2.3912883741035293,2.3318157149145033,2.515361522984508,2.3541631139672474,2.223606625958175,2.3605684801279887,2.190586252235153,2.376069579635998
1.6975062003682537,1.9711179565210428,1.93919306183539,1.9453578580785866,1.8373530798945186,1.9427658005009065,1.753191912822859,1.9667258145010358,1.8247203592224384,1.9506102908574814,1.7799569971564764,1.9699502973129612
1.1218784686649264,1.3249171767919756,0.9888118844332636,1.3321368657011188,1.246596721730547,1.3366401518444273,1.254041838753166,1.3258283888083744,1.3728533973254429,1.33714698012649,1.2890839118562127,1.3232480831168065
0.27893336251630996,0.2139637470007809,0.2833579148524082,0.2116556996523329,0.19057988855741154,0.21016493950788726,0.21431962222153356,0.2097953638948539,0.1903448144055619,0.21272368990662835,0.22991646908009436,0.21392612820970064
1.00654493320262,0.912884308061468,1.0102758246651993,0.9097833634664529,0.8996302868830965,0.9127301731853961,0.9467084898865294,0.9213572646723204,0.946558099542893,0.9109304115901371,0.9388614790040761,0.9135259444610191
0.38929240517524333,0.3923884339188796,0.6809837648824845,0.3830223918003814,0.3987396237795467,0.39235827537035606,0.45716462473659614,0.3895664487379746,0.5180394809284622,0.383142701180544,0.5236557480819429,0.3849637210366152
1.3101258778436389,1.5421947156649065,1.4963350415576537,1.5209210371836968,1.5627072280106218,1.517851681084261,1.6720155233810683,1.520255211630289,1.6249568781516965,1.535156286077221,1.5284177214947112,1.5291594859408584
0.826400576836758,0.8424080384284314,0.9012044381693337,0.8339929871289384,0.8233598760286208,0.84251154337694,0.7999298215094196,0.8465832812137846,0.8766697065048753,0.8461115469836468,0.8665745808160917,0.8336375456850235
1.3937833521522711,1.6329164613972083,1.9834643380020962,1.6448566362829824,1.7609162976932167,1.655768149219095,1.396198650776123,1.6481454834937022,1.7699658509831036,1.6674824396460082,1.900825520847649,1.6176831986145463
0.9218035015288861,0.5983568547304444,0.41200509449350786,0.5928124822623287,1.0817871074347123,0.5903306699708565,0.46933517297659455,0.5832896637167935,0.7238113945189459,0.5783087637861203,0.5914578011113859,0.5831135917557502
1.3189393129849103,1.6029948990535667,1.2405390274455013,1.6186683917276623,1.3556024055183329,1.621624635725267,1.4280804425425169,1.6322345590779541,1.559430819398101,1.6120062588777737,1.2717500683857423,1.629182004545646
0.18992469230922215,0.1667372359606071,0.18342263800777503,0.1713069503578337,0.15064818150518716,0.1713109541901336,0.15577596830167365,0.16803277804542924,0.1716024496987591,0.16771247341457693,0.15909296221070965,0.1696552952405503
0.9874034132400672,0.8643327524629726,0.9615072161312043,0.8554596933844082,0.8435214970365456,0.8713189362997704,0.7809400243034846,0.8811866290526087,0.8981216548389922,0.8865532792896021,0.8357640084359733,0.8733286043130117
0.5944375960854019,0.5556321146392389,0.5375803444193071,0.5528442116624793,0.5393154776276027,0.559096603925754,0.5154665727488504,0.5564603429265745,0.5210705876575095,0.5563297738602608,0.48286849239036567,0.5557551951295784
0.7683134930745855,1.1092013268180074,0.8379361035116523,1.1004039246070965,0.8906159978212436,1.1060215309725872,0.9152031553226025,1.0965420443426532,0.804868694211794,1.1025188861787574,0.9547405611139207,1.095328379880995
0.0952237361819145,0.11941443397732278,0.12099940287932354,0.12105483151313338,0.10995045562483685,0.11955654586680563,0.10743672313544593,0.1196860725055281,0.0960978683715704,0.12093836943587512,0.10287821047880878,0.11992613524950173
0.6386900159650754,0.6013137825047529,0.6275894632002857,0.5902230054736163,0.4890177415099761,0.5983407065671633,0.5784439256337838,0.5945978407806234,0.45055048730314,0.6003067184475899,0.4890388711047008,0.5953352678419811
0.8170214892791109,0.9326053913368366,0.7486468366923843,0.9329568233669542,0.873908326341226,0.9326326372773488,0.850857310650831,0.9396351672301011,0.8473566561873029,0.9290870553034638,0.9162421744389366,0.9320334892722033
1.1640305580134627,1.1332497246029387,1.4144108389441088,1.1243346995048253,1.0888447722886765,1.1185288310528716,1.1354775840418994,1.1269138223826616,1.1185667364084428,1.121513543793626,1.1907313487977091,1.119591874821833
0.5024332159936428,0.5035909402113428,0.5427172632828977,0.5151666536496193,0.5770944418538602,0.5077846058016103,0.5103071358025992,0.5109329897185806,0.5085924959452701,0.5070947359077085,0.5107140623792227,0.5113176823181727
0.20151387582419117,0.3619442560768621,0.2488932617489337,0.3639218799185039,0.3232618042493746,0.36752368351431247,0.3141536914890416,0.36446036921505026,0.2766773349333547,0.36425104532431885,0.32500995404769395,0.3649626880963673
1.1599996316122079,1.1979517165225997,1.0325339893679255,1.1933203731761521,1.0410881412684858,1.1864498701697619,1.0330234249379842,1.1888370729357574,1.1177043373931108,1.1971398530142778,1.1173652395424576,1.192081070238651
0.8490004985303982,1.099997229671636,1.081962185218252,1.14612201275263,0.924605874007879,1.1422690332529764,0.932028528455165,1.1273969531870762,0.7945656841775455,1.1264404073416865,1.0029322650843675,1.1198464977397344
0.8550184779021013,0.8270610348077065,0.6688569035564186,0.8268906430555284,0.6969439616958952,0.8282397041943017,0.7322930100428329,0.8319124745071141,0.7380823935050256,0.8237879558980062,0.7010351213874004,0.8223484503481701
0.27045336423733085,0.2915213336540396,0.3445637001715459,0.28646479845479844,0.31282650022179054,0.29042414134793487,0.2930903325997502,0.29656490728214707,0.4111485225121762,0.28884234688828636,0.28028019525933956,0.2948440567902236
0.24409602377172424,0.23743108261771548,0.24225587091588285,0.23928733796922694,0.2591373427822658,0.23751363996134192,0.2429668688942153,0.23726563549553534,0.25874947393088904,0.23806042257628576,0.24443812198210307,0.23802277393340737
0.8722333430148561,0.8651686128228759,0.8878721896818362,0.8626301462974675,0.8792533954805625,0.8655413239492192,0.8705962019221526,0.8650645934137385,0.875967709178621,0.8674071523812915,0.8570079982153469,0.8667995428596423
0.63324313270403,0.9832918374672754,0.7838857572795687,1.0079157149171312,0.8293077181323487,1.0187218820277475,0.8989364455994492,0.9984900422772107,0.8665586639581323,0.9891444025870257,0.8982236844028204,0.9947378451138698
0.29030765115873897,0.2784671312439628,0.2979800229638446,0.280738967621688,0.24842978767948823,0.27816199637349864,0.3389465835742725,0.27782298048687726,0.2842631042659534,0.2793728944895341,0.2708292874356048,0.27632410655906503
1.1310761713102977,1.5888547477684016,1.2874901000449168,1.6008135979551932,1.2202330940955892,1.605388814451567,1.5303910102549174,1.5902521304484676,1.3138035056705089,1.593174239237693,1.3421977460075964,1.569176215701784
0.6241690040871912,0.6936140267936525,0.6476905345300831,0.7045804353527161,0.6152513541425872,0.7116184876026997,0.6047855816410334,0.6999968250802272,0.5966716030727823,0.701966614956732,0.6245351397829638,0.699849618114055
0.6169370601274589,0.5377561723886092,0.7155953189267812,0.5413227062447273,0.6255033196954076,0.5519359560850651,0.6883589890044376,0.5446577362669651,0.6335113606773258,0.5347498910639779,0.7023686775266232,0.5423863583762097
0.2796615186682033,0.27463484306041835,0.26737081192920564,0.2682555360380295,0.2653861237964341,0.27678410263921177,0.2831275529716128,0.2772974885914477,0.3149902805736606,0.2743287097265918,0.27182396090941513,0.27206915296251966
1.760251715120168,1.6773750312566653,1.9732817044898463,1.6566769101766676,1.4196477413575872,1.6518211410293107,1.868579911478836,1.6519435474292827,1.7669678206094621,1.6448369292337246,1.9930109004985654,1.6702300240194
0.6796429895006872,0.8097299508129577,0.6612187049903001,0.8193977272842815,0.5855529027202361,0.8107736597011935,0.606450047437432,0.8192883652108478,0.6845338784151084,0.8146886173055955,0.6226426933923774,0.8197584730681303
1.344115582295793,1.1735333555941116,1.2345346533289103,1.1700566968151171,1.1169620092489563,1.1783778578543629,1.223715318636246,1.1789246213470461,1.3077399724435799,1.1908336505951336,1.1898445802622708,1.1826731029714166
1.279771935843497,1.9737117508157045,1.1635765969115954,1.9904165338641675,2.188818914351438,2.069157330542656,2.5220577691518247,1.9935870910731956,2.5428993180470014,2.043643228176975,1.8663817644097755,2.03881518443125
1.2486683863035566,1.204614976410652,1.2297621104683123,1.1883831322238512,1.296037588476185,1.2002642348874883,1.2080018151991958,1.1926517807544517,1.1157671521496482,1.203747591016068,1.1633138038063973,1.193862551974773
0.828952347814348,0.8403890457353616,0.7914507931030783,0.8404150824326859,0.7993240911599604,0.8211411430217659,0.92347512569586,0.8352513008111793,0.9322167770004524,0.8412164543991324,0.8076131603862375,0.8370297527090792
0.9548345961721457,0.9168510167553627,0.9244735105442402,0.9003234922262358,1.049340162237803,0.9085968841780442,0.9047174021218991,0.8949446199924548,0.8837538317630736,0.9190616123747933,1.120238130220781,0.9051293068588395
2.1743615235979923,2.1773796625538617,2.0735106072905682,2.1820881026306878,2.2923347894821293,2.1622671079853735,2.07052608796536,2.170323363229426,2.0386092967614236,2.1792476129759355,2.1555985527991472,2.1790126182781586
2.025401677301041,1.9766237216843638,2.1694156367553377,2.019128059383795,2.050499820810548,1.995738651941141,1.9329581531532234,2.0200226321389034,2.202940889491221,1.9869134498427257,2.0553700088018485,1.9819545851852003
1.2661412012291409,1.093570830102014,1.0340289249218069,1.0732949325257704,1.0152019735626872,1.0908799278644203,0.9743702052265786,1.0995945190496046,1.0353087833615204,1.0921387767804667,1.0906981135163527,1.0807488882775536
2.7576155832412685,2.942423661214449,2.986574667223069,2.9432511135694144,2.679654280804675,2.9218347566247536,3.0148190125789505,2.911174510566894,2.7992828756651673,2.9215712722477862,2.9286801460113088,2.92259370266493
2.0648147464026207,1.7966121908706938,1.698408573525768,1.7582338508463482,1.8795525437845633,1.8148242317256997,1.7933279481198507,1.764382210656132,1.8585029087430662,1.802437264755002,1.611588254378629,1.7943643580081314
3.233357984733682,4.558117914215222,4.723941686457394,4.485903345278755,4.769325440739194,4.522461467108717,4.3596000974856395,4.447050204375492,3.8115520171641606,4.534562339689388,4.206570197795268,4.556589566831223
0.666190436879636,0.8079027496572747,0.7242194903994849,0.8014576859874112,0.8349635347185009,0.804039886881695,0.764719332259508,0.8051934282368407,0.7689626882951562,0.8015585274610573,0.6454182856094064,0.7983863627914873
1.6601674429502922,1.4301284027697572,1.4267091563374463,1.440251471580331,1.4259833116304867,1.4306361151953177,1.4169904427505942,1.433670335507872,1.4749529305065099,1.4323527146687751,1.4171889818075134,1.4353085453424834
0.4294334932964369,0.44419317134836495,0.7102379934914111,0.41793050800094667,0.530449037021243,0.4215108284890669,0.27641906368985564,0.443011140064656,0.6676215890550976,0.43972555653120143,0.5747371787040708,0.4422557670550912
4.0712814309860725,4.032125005468654,2.8396585266646595,4.0289082166261725,3.656897442051855,4.125475222337419,3.620994535566065,4.121853769695785,3.644024754436657,4.103907803530948,3.31607220578885,4.173816970082968
0.31461536342536955,0.3427268523611244,0.4270367238390621,0.3395820925612653,0.35945259748035874,0.34125150292885137,0.37999358419258994,0.33773470912061804,0.3701952296829834,0.33694317348182656,0.3870455774022339,0.34131883262178975
1.7173648300873536,1.665473093924309,1.7450184475499626,1.6806503311552101,1.785635751290591,1.698057839871777,1.5853493526747975,1.684402394722845,1.610507334595063,1.681459758110704,1.7773908434373062,1.6809902325414205
1.0988563266648923,1.0516055847041386,1.2254473531324923,1.0543786837375246,1.429251980073513,1.034706773813027,1.1105645403200626,1.0491655003681155,1.1361294276493628,1.0435485307776544,1.1574500042262297,1.051473114689143
1.8197741591396188,1.4252050504318328,1.892559390424946,1.438492371752357,1.480004428752938,1.4566829676323234,1.6040053430662518,1.449816268455175,1.6753769392682953,1.4504562611134257,1.4544665546482207,1.4331700430691932
1.1378283873448307,0.9456215716679047,0.9450934426056619,0.9421706059888364,1.138559257656764,0.9385224875435234,0.9441737026897599,0.9217643028070225,1.0874771091138173,0.9341994253024833,1.1252298991771799,0.9238400426142529
0.8866996578573442,0.48432196769621716,0.9079234793430847,0.47969114886864617,0.4346672016704105,0.4779767696917671,0.6713081291084041,0.47029161419921167,1.0136497362817354,0.4647944204613175,0.7093147563678585,0.4814153131875252
2.559810850858137,2.654224541226301,2.6875895340451645,2.667671004360384,2.315146976492017,2.662745157406846,2.311128248987716,2.6782218243713536,2.3412378572951145,2.6612769478697547,2.5424254541380344,2.6641654405010757
0.23967950376210892,0.23721382017680348,0.2636488906077854,0.23857626189943734,0.2772973083028252,0.23871768433518692,0.23493504379806332,0.23706251704670264,0.25414516422126143,0.23885184315881,0.24606692645386125,0.23816358023434483
0.5872701912745779,0.5313473790154803,0.5848802492740625,0.5303683592641515,0.5462293547583241,0.5298066349090934,0.5425056274374984,0.5298116233226812,0.5452707994396168,0.5317129722743442,0.5541750719312456,0.5352735638329253
0.2663103479040777,0.26376737037976433,0.27218695924814984,0.2579113457880613,0.28765268471758476,0.25931206675725316,0.31738951859189146,0.2630006523064741,0.31363935833863066,0.2634552638742429,0.28266354203430877,0.2619115851255653
0.37015075384202484,0.44303724744298406,0.38822005102948165,0.45057465847760747,0.35750915392093074,0.45726745693932536,0.40718767732292743,0.4539635846797585,0.38247617768456194,0.45027762645416963,0.401278971168721,0.446962840368394
0.12209352271439822,0.15394157314242776,0.09941497511121543,0.15145459364717004,0.10111649285254425,0.15303522694700797,0.11022923165714991,0.15014063667781616,0.11613456243737162,0.1536725202002138,0.09082976056586192,0.15316955895467887
0.19730423253034055,0.21745723758298532,0.1981486180227973,0.21300821457610672,0.23266681433201075,0.21023902120691038,0.21085518888835944,0.2132188826308454,0.2080792494239345,0.21057470418046229,0.1888151775628821,0.21188232505416973
1.3284564136790988,1.0066880648768137,1.0770530857405245,1.0056313995442836,0.9837872331847329,0.9894947133192932,0.9802535148324959,1.0073311252292012,1.2445682578699517,0.9948098848045817,1.136636976475319,0.9906420722181266
0.17703092472875143,0.1443578027454842,0.18400542741209608,0.1436352836681304,0.14370676784530265,0.1411577735454929,0.21233652375520526,0.14412886551543064,0.17138341435408816,0.14259276448348857,0.1499422446727151,0.1424196717432004
0.16717837872288743,0.1522419495230364,0.14257694703085308,0.15416000639988725,0.15575036923234173,0.15546179208525543,0.13533137394678685,0.15576376919403134,0.1356951369378384,0.1532672876081715,0.12687916484883685,0.15273798941416364
0.21698606841671622,0.15370612472440062,0.0967902096668599,0.15088719708910922,0.1467266368892672,0.14743988589313023,0.19450914922584642,0.14891821165279986,0.11663881563954069,0.15281329815130887,0.12300596153532087,0.150717225410353
0.8394025430105022,0.8170325743695612,0.6485618226281066,0.8159859905636363,0.9497132736723926,0.822005088789562,0.9505111311579396,0.837908273413092,0.8092369568087999,0.8245564066126043,0.8159697017506371,0.820774419637016
0.7290937898825636,0.7477371740613872,0.7337989043625309,0.7471398571972202,0.7355374997554416,0.7463734595144181,0.7126399981690283,0.7473144062477146,0.7252129824456303,0.7471541611001514,0.7361472582353787,0.7492690509872667
0.3539817343509767,0.48832231129942866,0.5065073653876636,0.4848618502977437,0.5257725068121781,0.4835531181582518,0.5012147495171317,0.48178363664716983,0.4020757690133162,0.48603667522391153,0.3338773108813372,0.48959548192261015
0.1100026341214236,0.1847120283264065,0.18126048279001347,0.1913639934508974,0.1676555936940501,0.18900255134173632,0.10886465926009128,0.18473376803278888,0.16212952097666447,0.18680427673130434,0.15682470586377928,0.18435454309170812
0.6363629054178482,0.523900101892102,0.6454935525932228,0.5211440848295152,0.5148394459478999,0.5240419184641404,0.6079239516037521,0.5167884799510907,0.5278291810745902,0.5183544598159795,0.5383896217845294,0.5182398071661244
0.5760273348790397,0.5430365013758819,0.6524757536430525,0.5460649788603749,0.5500621847777774,0.5606710125618554,0.4500204093208317,0.5501051526790217,0.510364005521492,0.5501242781030615,0.5892384745251139,0.5525341245734968
0.2627308577536306,0.21577038131151732,0.23254439671371313,0.21627903016158156,0.224309549686346,0.21672763469296297,0.23042823805706053,0.21463468017637913,0.22590639696972659,0.21621395249356806,0.24555678380770438,0.21598616298997775
0.5965778243970028,0.7651158627615763,0.5666887948632802,0.7811902160051084,0.6702196974254628,0.7853748983810424,0.6147573402417844,0.7854798093041175,0.6160342786680988,0.7704917109428085,0.5807048704435203,0.7827345620970405
1.0461502797633775,1.1468372949673742,1.1496059501635072,1.1102480087809434,0.8793634211127735,1.1133041640923103,1.0136647072118707,1.1213943576436747,1.0331621161961244,1.116991617192325,0.9651651581907319,1.1060782213445128
1.025919466470164,1.135300500745471,0.9733599323715552,1.119413409793949,0.9231264482226814,1.127024473548251,0.8994475900143405,1.10660052169619,0.9504719880727487,1.1329711064161652,1.0634837583547214,1.122897159994246
1.0004990204169464,1.3701187651417022,1.865647534322246,1.3736448821838103,1.6711524954768608,1.4023874936018808,1.4015390487600983,1.3763947499803275,1.219169876578715,1.381025750576913,1.2275371454682227,1.410322935911492
0.5767257374011343,0.6593150711157066,0.6027129802641636,0.6591567716081786,0.5981982766412692,0.6619287378497167,0.5927051530354209,0.6598409522078926,0.5503213319349822,0.6592547272824555,0.5569802832494565,0.6624297172281475
0.5435321317271863,0.49946805930485827,0.5012564897451429,0.49703648445478105,0.5599090312576295,0.4975417613043875,0.5124890016095154,0.4946241054354687,0.5583259572846989,0.49564569946029174,0.5090367340800835,0.4962107966680945
2.831162667422046,2.8894942142894875,2.6978776102767346,2.854443923721231,2.4591594082770647,2.882729572136545,2.457850398783723,2.867230841083647,2.128211600320097,2.8862848204322087,2.551939763020921,2.918707279445652
0.7175571667688336,0.7609816386622377,0.7091117884016962,0.7532917043055388,0.7334620832584574,0.7507916857639747,0.7051752469655732,0.755440924185998,0.7366394864216185,0.7549359267863881,0.7442596533412834,0.7537217331624387
0.3268477194496082,0.4401750843424222,0.5503952066226797,0.4386317963770453,0.35561098896422627,0.4421463645817478,0.5083605267292342,0.44225560641677447,0.4051809760184889,0.4367644434356883,0.452623919665219,0.4410963647345016
1.3008738903554942,1.1050600056120776,0.9539054629485021,1.0888614693561944,1.2061846037496362,1.0786672775230464,1.2168540629417852,1.085019096653783,1.0017896881829194,1.0936777080494458,1.2965494734655734,1.0972904899734386
0.729871371438292,0.6970427113321305,0.8230867855566593,0.6978198890800024,0.7509711177735845,0.6986421150523949,0.7506268224974689,0.6983054026958678,0.7363204998438836,0.7035789865878208,0.7015022879083855,0.6990326830197032
1.955777608390395,1.998906725264644,1.856778480623256,2.001792413815123,1.9534729981663461,2.0105278041323045,1.7818553425104113,2.0175219071672994,1.9289705697952413,1.9981098964339243,1.8993105708565763,2.0046408940223035
0.7773864526427784,0.8085734869273171,0.810493049906254,0.812736486779227,0.7861544287693276,0.812420554021344,0.7903642067210096,0.8136430983075194,0.8189866444305246,0.8093326319077467,0.8482741630412921,0.8117208458895611
1.2352109398791318,1.4343104674375777,1.3569871677082916,1.4652369741254307,1.3415933835835803,1.431904264197249,1.735322198044049,1.4622089612919504,1.3899609146567993,1.4505578899257687,1.536892772500842,1.4355552260649265
1.4317866640642327,1.3568541546748036,1.3668312868247754,1.3469346112845235,1.480440167283353,1.3437383031757084,1.3502716741870355,1.3575462506297842,1.4541717841076194,1.3430703006959044,1.4503409720221392,1.3661137668525503
0.4582713731044501,0.4337161312527721,0.44022077558301265,0.4365941511196286,0.46827531438968933,0.4343918772145189,0.5054826190906353,0.43495229773848504,0.5035277266128413,0.44050206351816973,0.41962693180619925,0.43781602505785716
1.0521830110795096,1.1333191080378155,1.094124368587962,1.1302383838843972,1.0619085459096131,1.1295993953711236,1.074006071930347,1.130210302568036,1.0950054371204738,1.1292609193159733,1.068169976572014,1.129505336747664
0.4420680709016479,0.44172132106509776,0.600045885078165,0.4577349184087432,0.5902287359198092,0.45080137390422875,0.41670544969457174,0.4455741103636272,0.5094115441606029,0.44469040968434564,0.5174949074317277,0.4418878530532663
0.4183846600369746,0.3253379040195705,0.3372112244948103,0.32479777878371996,0.3385344348549741,0.32787175559952175,0.32793031905585,0.3294967552567667,0.33304944223004185,0.3313620531500729,0.37992146387795234,0.3271325143202806
1.1808334235367381,0.9343971076582164,0.7165684557295298,0.9780264912313855,0.6548745312103437,0.9931000254888347,1.0301393046335485,0.9833272333386616,0.8209035878654947,0.9597442947433021,0.7518428566520151,0.9807246311218987
