date,sunshine_duration,uv_index_max,precipitation_sum,shortwave_radiation_sum,precipitation_hours,daylight_duration
11/01/17,,,,,0.0,37863.74
11/02/17,,,,,0.0,37731.785
11/03/17,,,,,0.0,37601.78
11/04/17,,,,,0.0,37473.883
11/05/17,,,,,0.0,37347.668
11/06/17,,,,,0.0,37222.086
11/07/17,,,,,0.0,37097.223
11/08/17,,,,,0.0,36973.215
11/09/17,,,,,0.0,36850.2
11/10/17,,,,,0.0,36728.312
11/11/17,,,,,0.0,36607.707
11/12/17,,,,,0.0,36488.52
11/13/17,,,,,0.0,36370.906
11/14/17,,,,,0.0,36255.01
11/15/17,,,,,0.0,36140.992
11/16/17,,,,,0.0,36028.996
11/17/17,,,,,0.0,35919.2
11/18/17,,,,,0.0,35811.746
11/19/17,,,,,0.0,35706.81
11/20/17,,,,,0.0,35604.555
11/21/17,,,,,0.0,35505.15
11/22/17,,,,,0.0,35408.76
11/23/17,,,,,0.0,35315.566
11/24/17,,,,,0.0,35225.734
11/25/17,,,,,0.0,35138.97
11/26/17,,,,,0.0,35054.38
11/27/17,,,,,0.0,34972.047
11/28/17,,,,,0.0,34892.08
11/29/17,,,,,0.0,34814.57
11/30/17,,,,,0.0,34739.645
12/01/17,,,,,0.0,34667.414
12/02/17,,,,,0.0,34597.977
12/03/17,,,,,0.0,34531.445
12/04/17,,,,,0.0,34467.938
12/05/17,,,,,0.0,34407.56
12/06/17,,,,,0.0,34350.426
12/07/17,,,,,0.0,34296.65
12/08/17,,,,,0.0,34246.34
12/09/17,,,,,0.0,34199.598
12/10/17,,,,,0.0,34156.547
12/11/17,,,,,0.0,34117.293
12/12/17,,,,,0.0,34081.94
12/13/17,,,,,0.0,34050.6
12/14/17,,,,,0.0,34023.375
12/15/17,,,,,0.0,34000.2
12/16/17,,,,,0.0,33980.777
12/17/17,,,,,0.0,33965.09
12/18/17,,,,,0.0,33953.125
12/19/17,,,,,0.0,33944.875
12/20/17,,,,,0.0,33940.336
12/21/17,,,,,0.0,33939.49
12/22/17,,,,,0.0,33942.324
12/23/17,,,,,0.0,33948.82
12/24/17,,,,,0.0,33958.97
12/25/17,,,,,0.0,33972.746
12/26/17,,,,,0.0,33990.13
12/27/17,,,,,0.0,34011.105
12/28/17,,,,,0.0,34035.633
12/29/17,,,,,0.0,34063.703
12/30/17,,,,,0.0,34095.285
12/31/17,,,,,0.0,34130.348
01/01/18,29705.957,,0.0,9.33,0.0,34168.863
01/02/18,26106.64,,0.0,9.17,0.0,34210.797
01/03/18,7200.0,,1.1,6.26,1.0,34256.125
01/04/18,10800.0,,8.4,3.5,4.0,34305.06
01/05/18,15539.649,,3.0,6.13,3.0,34358.05
01/06/18,7200.0,,0.0,4.65,0.0,34414.977
01/07/18,4490.237,,0.0,4.43,0.0,34475.707
01/08/18,0.0,,40.500004,1.99,21.0,34540.094
01/09/18,4225.3364,,21.6,3.61,9.0,34608.004
01/10/18,14400.0,,0.0,6.94,0.0,34679.3
01/11/18,8055.8955,,0.4,5.51,1.0,34753.844
01/12/18,10800.0,,0.0,6.27,0.0,34831.5
01/13/18,0.0,,0.0,4.85,0.0,34912.133
01/14/18,3684.0894,,0.0,7.04,0.0,34995.605
01/15/18,3600.0,,0.7,6.67,1.0,35081.79
01/16/18,10800.0,,0.0,6.54,0.0,35170.543
01/17/18,0.0,,0.0,5.3,0.0,35261.734
01/18/18,15231.789,,0.1,7.16,1.0,35355.24
01/19/18,26939.043,,19.1,9.18,1.0,35450.926
01/20/18,30700.135,,0.0,11.3,0.0,35548.676
01/21/18,21962.145,,1.5,9.84,3.0,35648.35
01/22/18,0.0,,2.3000002,2.77,5.0,35749.836
01/23/18,13973.383,,0.0,8.68,0.0,35853.004
01/24/18,5650.725,,1.9000001,6.09,3.0,35958.254
01/25/18,18000.0,,4.5,8.25,1.0,36066.543
01/26/18,13372.622,,0.0,6.77,0.0,36177.727
01/27/18,27498.71,,0.0,10.44,0.0,36291.637
01/28/18,34422.78,,0.0,12.22,0.0,36408.086
01/29/18,24752.008,,0.0,10.62,0.0,36526.918
01/30/18,28800.0,,0.0,11.54,0.0,36647.96
01/31/18,34784.21,,0.0,12.71,0.0,36771.047
02/01/18,34839.355,,0.0,12.4,0.0,36896.02
02/02/18,34896.11,,0.0,12.66,0.0,37022.723
02/03/18,34954.395,,0.0,12.77,0.0,37150.996
02/04/18,35014.13,,0.0,13.02,0.0,37280.688
02/05/18,35075.227,,0.0,13.01,0.0,37411.645
02/06/18,35137.613,,0.0,13.61,0.0,37543.734
02/07/18,35201.21,,0.0,13.45,0.0,37676.793
02/08/18,35265.945,,0.0,13.78,0.0,37810.695
02/09/18,35331.74,,0.0,13.99,0.0,37945.29
02/10/18,35398.516,,0.0,14.48,0.0,38080.453
02/11/18,28266.213,,0.0,12.2,0.0,38216.043
02/12/18,35534.75,,0.0,14.62,0.0,38351.934
02/13/18,35604.336,,0.0,15.12,0.0,38488.566
02/14/18,35675.773,,0.0,14.8,0.0,38627.01
02/15/18,35749.02,,0.0,15.57,0.0,38767.18
02/16/18,35823.945,,0.0,15.3,0.0,38908.914
02/17/18,35900.438,,0.0,15.13,0.0,39052.082
02/18/18,35978.387,,0.0,15.61,0.0,39196.54
02/19/18,36000.0,,0.0,16.2,0.0,39342.156
02/20/18,36000.0,,0.0,16.2,0.0,39488.79
02/21/18,36000.0,,0.0,16.34,0.0,39636.324
02/22/18,32045.588,,0.0,15.81,0.0,39784.62
02/23/18,36000.0,,0.0,17.13,0.0,39933.55
02/24/18,30093.531,,0.0,13.2,0.0,40083.0
02/25/18,36000.0,,0.0,17.0,0.0,40232.84
02/26/18,32400.0,,2.9,15.34,2.0,40382.95
02/27/18,36000.0,,0.0,17.94,0.0,40533.215
02/28/18,32400.0,,0.4,15.19,1.0,40683.508
03/01/18,18000.0,,11.3,12.56,7.0,40833.715
03/02/18,22379.543,,5.1,14.53,3.0,40983.734
03/03/18,28800.0,,0.0,16.28,0.0,41133.44
03/04/18,21600.0,,0.0,14.15,0.0,41282.723
03/05/18,36000.0,,0.0,18.76,0.0,41431.996
03/06/18,36000.0,,0.0,18.7,0.0,41582.277
03/07/18,36000.0,,0.0,18.59,0.0,41733.5
03/08/18,36136.43,,0.0,18.32,0.0,41885.555
03/09/18,33084.67,,0.0,17.83,0.0,42038.332
03/10/18,32400.0,,0.4,16.2,1.0,42191.73
03/11/18,36886.64,,0.0,19.77,0.0,42345.645
03/12/18,29935.34,,5.5,15.98,3.0,42499.965
03/13/18,3600.0,,1.2,5.51,3.0,42654.59
03/14/18,29920.314,,3.6,17.84,3.0,42809.43
03/15/18,10800.0,,14.599999,8.53,8.0,42964.363
03/16/18,19154.816,,0.0,12.04,0.0,43119.305
03/17/18,32449.248,,0.0,16.78,0.0,43274.145
03/18/18,39673.84,,0.0,20.3,0.0,43428.78
03/19/18,40883.33,,0.0,21.51,0.0,43583.12
03/20/18,0.0,,1.2,6.15,3.0,43737.055
03/21/18,5572.2437,,10.899998,8.09,10.0,43890.477
03/22/18,39372.812,,19.800001,21.52,6.0,44043.297
03/23/18,38593.824,,0.0,19.62,0.0,44195.402
03/24/18,42542.707,,2.9,22.66,1.0,44346.695
03/25/18,42709.305,,0.0,22.5,0.0,44497.555
03/26/18,42802.023,,0.0,22.77,0.0,44648.92
03/27/18,42895.266,,0.0,22.74,0.0,44800.74
03/28/18,42988.938,,0.0,22.75,0.0,44952.918
03/29/18,43082.93,,0.0,23.45,0.0,45105.35
03/30/18,37809.137,,0.0,23.25,0.0,45257.96
03/31/18,43200.0,,0.0,23.29,0.0,45410.645
04/01/18,43200.0,,0.0,23.43,0.0,45563.31
04/02/18,43200.0,,0.0,23.67,0.0,45715.867
04/03/18,42575.574,,0.0,24.14,0.0,45868.207
04/04/18,39600.0,,0.0,23.61,0.0,46020.242
04/05/18,14400.0,,11.9,17.32,6.0,46171.867
04/06/18,0.0,,19.799997,6.74,16.0,46322.99
04/07/18,39600.0,,7.2,21.18,1.0,46473.5
04/08/18,43200.0,,0.0,24.89,0.0,46623.3
04/09/18,43200.0,,0.0,25.33,0.0,46772.285
04/10/18,14400.0,,0.0,13.38,0.0,46920.348
04/11/18,16887.398,,0.2,10.83,1.0,47067.383
04/12/18,18000.0,,6.4,11.44,4.0,47213.27
04/13/18,43200.0,,0.0,25.6,0.0,47357.91
04/14/18,43200.0,,0.0,25.42,0.0,47501.66
04/15/18,32964.324,,1.1,23.66,2.0,47645.41
04/16/18,16071.317,,2.2,17.61,2.0,47789.11
04/17/18,40008.5,,0.0,25.71,0.0,47932.652
04/18/18,43200.0,,0.0,26.3,0.0,48075.938
04/19/18,44437.12,,0.0,26.97,0.0,48218.87
04/20/18,44398.855,,0.0,26.74,0.0,48361.34
04/21/18,44665.035,,0.0,26.75,0.0,48503.242
04/22/18,45215.945,,0.0,27.09,0.0,48644.47
04/23/18,45297.3,,0.0,27.73,0.0,48784.91
04/24/18,45377.79,,0.0,27.5,0.0,48924.46
04/25/18,45457.336,,0.0,27.64,0.0,49062.996
04/26/18,45535.832,,0.0,27.31,0.0,49200.4
04/27/18,31213.2,,0.0,19.0,0.0,49336.566
04/28/18,34889.344,,0.0,19.89,0.0,49471.35
04/29/18,38564.18,,0.0,23.82,0.0,49604.652
04/30/18,38637.598,,0.0,24.98,0.0,49736.33
05/01/18,45909.523,,0.0,28.39,0.0,49866.258
05/02/18,45979.844,,0.0,28.38,0.0,49994.3
05/03/18,46048.465,,0.0,28.08,0.0,50120.33
05/04/18,46115.44,,0.0,28.34,0.0,50244.66
05/05/18,46181.36,,0.0,28.39,0.0,50368.145
05/06/18,46246.242,,0.0,28.69,0.0,50490.707
05/07/18,46310.047,,0.0,28.78,0.0,50612.242
05/08/18,46372.73,,0.0,28.4,0.0,50732.637
05/09/18,46434.246,,0.0,28.94,0.0,50851.78
05/10/18,46494.55,,0.0,28.92,0.0,50969.566
05/11/18,46553.586,,0.0,30.03,0.0,51085.867
05/12/18,46611.31,,0.0,29.42,0.0,51200.58
05/13/18,46667.668,,0.0,29.26,0.0,51313.566
05/14/18,46722.613,,0.0,28.43,0.0,51424.72
05/15/18,46776.09,,0.0,28.91,0.0,51533.902
05/16/18,28800.0,,0.0,20.67,0.0,51641.0
05/17/18,46835.777,,0.0,27.58,0.0,51745.88
05/18/18,47026.56,,0.0,28.88,0.0,51848.406
05/19/18,47211.066,,0.0,29.2,0.0,51948.45
05/20/18,36589.867,,0.0,25.88,0.0,52045.883
05/21/18,47777.125,,0.0,29.87,0.0,52140.56
05/22/18,47732.46,,0.0,29.57,0.0,52232.348
05/23/18,44711.086,,0.0,26.92,0.0,52321.11
05/24/18,39600.0,,0.0,27.89,0.0,52407.062
05/25/18,9015.391,,6.8,11.23,3.0,52490.84
05/26/18,31456.598,,0.8,25.65,2.0,52572.39
05/27/18,49295.06,,0.0,30.43,0.0,52651.633
05/28/18,49429.516,,0.0,30.62,0.0,52728.49
05/29/18,49561.387,,0.0,30.01,0.0,52802.86
05/30/18,50400.0,,0.0,30.72,0.0,52874.676
05/31/18,39018.484,,0.0,26.5,0.0,52943.844
06/01/18,50400.0,,0.0,31.15,0.0,53010.28
06/02/18,50400.0,,0.0,31.0,0.0,53073.902
06/03/18,50400.0,,0.0,30.47,0.0,53134.625
06/04/18,50400.0,,0.0,31.33,0.0,53192.36
06/05/18,50400.0,,0.0,31.44,0.0,53247.027
06/06/18,50400.0,,0.0,30.88,0.0,53298.535
06/07/18,50400.0,,0.0,30.7,0.0,53346.816
06/08/18,50400.0,,0.0,30.65,0.0,53391.76
06/09/18,46172.21,,0.0,31.51,0.0,53433.31
06/10/18,50400.0,,0.0,31.54,0.0,53471.367
06/11/18,50400.0,,0.0,31.64,0.0,53505.86
06/12/18,50400.0,,0.0,31.29,0.0,53536.703
06/13/18,50400.0,,0.0,30.91,0.0,53563.938
06/14/18,50400.0,,0.0,31.07,0.0,53587.78
06/15/18,50400.0,,0.0,30.9,0.0,53608.234
06/16/18,50400.0,,0.0,31.37,0.0,53625.3
06/17/18,46800.0,,0.0,29.47,0.0,53638.98
06/18/18,50400.0,,0.0,31.01,0.0,53649.28
06/19/18,50400.0,,0.0,30.99,0.0,53656.2
06/20/18,50400.0,,0.0,31.2,0.0,53659.75
06/21/18,50400.0,,0.0,32.05,0.0,53659.934
06/22/18,50400.0,,0.0,31.57,0.0,53656.76
06/23/18,50400.0,,0.0,31.8,0.0,53650.25
06/24/18,50400.0,,0.0,31.5,0.0,53640.406
06/25/18,50400.0,,0.0,31.11,0.0,53627.246
06/26/18,50400.0,,0.0,30.93,0.0,53610.785
06/27/18,50400.0,,0.0,31.13,0.0,53591.035
06/28/18,50400.0,,0.0,30.91,0.0,53568.023
06/29/18,50400.0,,0.0,31.38,0.0,53541.76
06/30/18,50400.0,,0.0,31.41,0.0,53512.277
07/01/18,50400.0,,0.0,31.11,0.0,53479.586
07/02/18,50400.0,,0.0,31.01,0.0,53443.72
07/03/18,50400.0,,0.0,30.88,0.0,53404.51
07/04/18,50400.0,,0.0,31.31,0.0,53361.664
07/05/18,50400.0,,0.0,31.13,0.0,53315.26
07/06/18,36000.0,,0.0,27.24,0.0,53265.41
07/07/18,50400.0,,0.0,30.78,0.0,53212.19
07/08/18,50400.0,,0.0,30.8,0.0,53155.723
07/09/18,50400.0,,0.0,30.61,0.0,53096.09
07/10/18,50400.0,,0.0,30.56,0.0,53033.402
07/11/18,50400.0,,0.0,31.26,0.0,52967.76
07/12/18,50364.805,,0.0,30.08,0.0,52899.266
07/13/18,24477.02,,0.0,21.32,0.0,52828.016
07/14/18,50400.0,,0.0,29.67,0.0,52754.11
07/15/18,50384.055,,0.0,30.14,0.0,52677.656
07/16/18,50339.21,,0.0,30.42,0.0,52598.74
07/17/18,50293.754,,0.0,30.58,0.0,52517.47
07/18/18,50247.777,,0.0,29.85,0.0,52433.94
07/19/18,50201.37,,0.0,30.17,0.0,52348.246
07/20/18,50154.62,,0.0,30.18,0.0,52260.492
07/21/18,46640.785,,0.0,28.91,0.0,52170.758
07/22/18,50060.453,,0.0,28.92,0.0,52079.152
07/23/18,50013.055,,0.0,29.25,0.0,51985.383
07/24/18,46800.0,,0.0,29.1,0.0,51888.758
07/25/18,46366.375,,0.0,29.67,0.0,51789.395
07/26/18,48974.13,,0.0,29.3,0.0,51687.434
07/27/18,49815.734,,0.0,29.8,0.0,51583.004
07/28/18,46164.72,,0.0,29.38,0.0,51476.254
07/29/18,41556.29,,0.0,28.38,0.0,51367.305
07/30/18,47479.293,,0.0,28.49,0.0,51256.297
07/31/18,48310.25,,0.0,28.74,0.0,51143.35
08/01/18,48132.656,,0.0,28.7,0.0,51028.6
08/02/18,45885.094,,0.0,29.07,0.0,50912.164
08/03/18,45849.25,,0.0,28.93,0.0,50794.17
08/04/18,47354.586,,0.0,29.11,0.0,50674.74
08/05/18,45741.95,,0.0,28.68,0.0,50553.98
08/06/18,46008.348,,0.0,28.84,0.0,50432.02
08/07/18,45634.33,,0.0,28.31,0.0,50308.965
08/08/18,45580.53,,0.0,28.4,0.0,50184.926
08/09/18,45526.812,,0.0,28.14,0.0,50060.016
08/10/18,45473.223,,0.0,27.8,0.0,49934.336
08/11/18,45191.14,,0.0,27.47,0.0,49808.0
08/12/18,45366.547,,0.0,27.45,0.0,49680.652
08/13/18,45313.14,,0.0,27.12,0.0,49551.477
08/14/18,45259.586,,0.0,26.99,0.0,49420.562
08/15/18,44966.312,,0.0,26.94,0.0,49288.027
08/16/18,44987.895,,0.0,27.07,0.0,49154.004
08/17/18,44703.082,,0.0,27.04,0.0,49018.605
08/18/18,44113.547,,0.0,27.0,0.0,48881.95
08/19/18,44137.145,,0.0,27.08,0.0,48744.156
08/20/18,43856.035,,0.0,27.08,0.0,48605.332
08/21/18,43576.04,,0.0,26.15,0.0,48465.59
08/22/18,43600.938,,0.0,26.46,0.0,48325.035
08/23/18,43322.63,,0.0,26.33,0.0,48183.78
08/24/18,43348.1,,0.0,26.23,0.0,48041.926
08/25/18,43373.61,,0.0,26.05,0.0,47899.57
08/26/18,43200.0,,0.0,25.34,0.0,47756.82
08/27/18,43200.0,,0.0,24.89,0.0,47613.77
08/28/18,43200.0,,0.0,24.68,0.0,47470.516
08/29/18,43200.0,,0.0,24.75,0.0,47327.152
08/30/18,43200.0,,0.0,24.9,0.0,47183.78
08/31/18,43200.0,,0.0,24.45,0.0,47040.49
09/01/18,43200.0,,0.0,24.83,0.0,46896.914
09/02/18,43200.0,,0.0,24.45,0.0,46752.203
09/03/18,43200.0,,0.0,23.97,0.0,46606.43
09/04/18,43200.0,,0.0,23.93,0.0,46459.69
09/05/18,43200.0,,0.0,24.12,0.0,46312.098
09/06/18,43200.0,,0.0,23.86,0.0,46163.742
09/07/18,43200.0,,0.0,23.56,0.0,46014.73
09/08/18,42479.918,,0.0,23.49,0.0,45865.152
09/09/18,42612.33,,0.0,23.53,0.0,45715.105
09/10/18,42586.17,,0.0,23.29,0.0,45564.688
09/11/18,43200.0,,0.0,23.17,0.0,45413.984
09/12/18,39600.0,,0.0,22.35,0.0,45263.1
09/13/18,40542.46,,0.0,22.26,0.0,45112.117
09/14/18,42063.797,,0.0,22.63,0.0,44961.125
09/15/18,40539.508,,0.0,22.32,0.0,44810.22
09/16/18,39771.24,,0.0,22.15,0.0,44659.49
09/17/18,39600.0,,0.0,21.9,0.0,44509.016
09/18/18,39600.0,,0.0,21.81,0.0,44358.902
09/19/18,39600.0,,0.0,21.62,0.0,44209.223
09/20/18,39600.0,,0.0,21.99,0.0,44060.074
09/21/18,39600.0,,0.0,21.08,0.0,43911.08
09/22/18,39561.34,,0.0,20.89,0.0,43761.35
09/23/18,39506.67,,0.0,20.78,0.0,43610.953
09/24/18,39451.855,,0.0,21.09,0.0,43459.98
09/25/18,39396.87,,0.0,21.07,0.0,43308.535
09/26/18,39341.72,,0.0,20.3,0.0,43156.71
09/27/18,39286.37,,0.0,19.93,0.0,43004.598
09/28/18,36763.125,,0.0,19.41,0.0,42852.297
09/29/18,39172.844,,0.0,18.35,0.0,42699.906
09/30/18,39119.11,,0.0,18.37,0.0,42547.516
10/01/18,14400.0,,0.0,13.92,0.0,42395.227
10/02/18,34871.477,,0.0,17.2,0.0,42243.137
10/03/18,31991.88,,0.0,15.67,0.0,42091.332
10/04/18,29232.941,,0.0,14.8,0.0,41939.918
10/05/18,37598.832,,0.0,16.92,0.0,41789.0
10/06/18,38778.086,,0.0,18.3,0.0,41638.664
10/07/18,38720.29,,0.0,18.37,0.0,41489.02
10/08/18,38662.2,,0.0,17.65,0.0,41340.164
10/09/18,38603.805,,0.0,17.42,0.0,41192.2
10/10/18,38545.1,,0.0,16.88,0.0,41045.242
10/11/18,38486.055,,0.0,17.17,0.0,40898.87
10/12/18,38426.58,,0.0,17.6,0.0,40752.12
10/13/18,38366.67,,0.0,17.38,0.0,40605.074
10/14/18,38306.35,,0.0,17.76,0.0,40457.832
10/15/18,38245.625,,0.0,17.81,0.0,40310.508
10/16/18,38184.508,,0.0,16.97,0.0,40163.22
10/17/18,38123.008,,0.0,16.64,0.0,40016.074
10/18/18,38061.145,,0.0,16.23,0.0,39869.19
10/19/18,37998.926,,0.0,16.24,0.0,39722.69
10/20/18,37576.32,,0.0,15.9,0.0,39576.684
10/21/18,37272.03,,0.0,15.72,0.0,39431.3
10/22/18,35659.8,,0.0,15.43,0.0,39286.656
10/23/18,35755.66,,0.0,14.87,0.0,39142.883
10/24/18,33544.758,,0.0,14.11,0.0,39000.098
10/25/18,33919.24,,0.0,14.74,0.0,38858.44
10/26/18,32861.16,,0.0,13.54,0.0,38718.035
10/27/18,32400.0,,0.0,13.8,0.0,38579.02
10/28/18,30299.639,,0.0,13.26,0.0,38441.53
10/29/18,32965.85,,0.0,14.04,0.0,38305.71
10/30/18,33000.945,,0.0,14.44,0.0,38171.7
10/31/18,32249.082,,0.0,12.72,0.0,38039.07
11/01/18,32400.0,,0.0,12.59,0.0,37906.773
11/02/18,32400.0,,0.0,12.48,0.0,37774.895
11/03/18,32400.0,,0.0,12.93,0.0,37643.562
11/04/18,32400.0,,0.0,12.76,0.0,37512.92
11/05/18,32400.0,,0.0,13.33,0.0,37383.1
11/06/18,32400.0,,0.0,13.45,0.0,37254.246
11/07/18,32400.0,,0.0,13.08,0.0,37126.5
11/08/18,32400.0,,0.0,13.4,0.0,37000.008
11/09/18,32400.0,,0.0,13.33,0.0,36874.918
11/10/18,32400.0,,0.0,12.7,0.0,36751.38
11/11/18,32400.0,,0.0,12.92,0.0,36629.543
11/12/18,32400.0,,0.0,12.65,0.0,36509.574
11/13/18,14400.0,,0.0,9.63,0.0,36391.633
11/14/18,31547.498,,0.0,11.28,0.0,36275.867
11/15/18,32400.0,,0.0,11.88,0.0,36162.46
11/16/18,32400.0,,0.0,11.92,0.0,36051.57
11/17/18,32400.0,,0.0,11.72,0.0,35943.367
11/18/18,32400.0,,0.0,11.71,0.0,35838.027
11/19/18,31774.826,,0.0,10.82,0.0,35735.727
11/20/18,29394.684,,0.0,11.17,0.0,35636.113
11/21/18,8989.678,,8.6,3.56,4.0,35538.227
11/22/18,18691.158,,2.6000001,7.81,3.0,35442.145
11/23/18,6262.22,,1.5,6.44,2.0,35347.996
11/24/18,13317.627,,0.0,6.38,0.0,35255.895
11/25/18,31951.215,,0.0,10.12,0.0,35165.98
11/26/18,13970.559,,0.0,8.23,0.0,35078.375
11/27/18,3600.0,,1.4,3.74,1.0,34993.2
11/28/18,21711.824,,0.4,8.12,1.0,34910.594
11/29/18,11102.163,,19.699999,5.89,6.0,34830.684
11/30/18,21463.152,,0.0,8.99,0.0,34753.598
12/01/18,28800.0,,0.0,9.9,0.0,34679.48
12/02/18,30576.39,,0.0,9.95,0.0,34608.46
12/03/18,31473.617,,0.0,10.13,0.0,34540.668
12/04/18,13774.372,,0.0,8.18,0.0,34476.242
12/05/18,10800.0,,0.4,6.4,1.0,34415.316
12/06/18,31307.092,,0.0,9.84,0.0,34358.027
12/07/18,31254.807,,0.0,9.76,0.0,34304.51
12/08/18,31204.346,,0.0,9.7,0.0,34254.9
12/09/18,7793.5664,,0.0,6.41,0.0,34209.33
12/10/18,21738.152,,0.0,8.96,0.0,34167.66
12/11/18,29762.658,,0.0,8.79,0.0,34129.406
12/12/18,30135.68,,0.0,9.68,0.0,34094.582
12/13/18,30974.086,,0.0,9.85,0.0,34063.215
12/14/18,25200.0,,0.0,8.67,0.0,34035.336
12/15/18,731.88965,,0.0,4.8,0.0,34010.965
12/16/18,1391.7936,,5.8,4.84,6.0,33990.137
12/17/18,29249.197,,0.0,9.34,0.0,33972.87
12/18/18,30772.398,,0.0,8.97,0.0,33959.195
12/19/18,29930.531,,0.0,9.36,0.0,33949.13
12/20/18,7788.647,,1.4,6.31,1.0,33942.688
12/21/18,7656.338,,4.3,4.51,3.0,33939.89
12/22/18,19839.57,,0.0,8.43,0.0,33940.766
12/23/18,8884.391,,0.4,6.73,1.0,33945.305
12/24/18,13820.006,,0.0,5.31,0.0,33953.543
12/25/18,30560.855,,0.0,10.08,0.0,33965.477
12/26/18,28976.633,,0.0,10.03,0.0,33981.12
12/27/18,30519.816,,0.0,10.0,0.0,34000.49
12/28/18,30503.014,,0.0,10.08,0.0,34023.574
12/29/18,30488.818,,0.0,9.86,0.0,34050.387
12/30/18,30393.559,,0.0,9.89,0.0,34081.082
12/31/18,30467.398,,0.0,10.43,0.0,34115.906
01/01/19,30459.588,,0.0,10.36,0.0,34154.773
01/02/19,30453.713,,0.0,10.13,0.0,34197.566
01/03/19,28800.0,,0.0,9.77,0.0,34244.176
01/04/19,28800.0,,0.0,10.11,0.0,34294.5
01/05/19,1882.108,,5.1000004,1.53,5.0,34348.41
01/06/19,0.0,,28.699999,3.83,12.0,34405.805
01/07/19,23010.115,,0.0,8.86,0.0,34466.566
01/08/19,0.0,,0.0,4.02,0.0,34530.582
01/09/19,14854.044,,11.2,7.1,4.0,34597.742
01/10/19,30478.064,,0.0,10.09,0.0,34667.934
01/11/19,13200.32,,0.0,6.94,0.0,34741.035
01/12/19,25200.0,,0.0,10.19,0.0,34816.945
01/13/19,30314.8,,0.0,10.43,0.0,34895.543
01/14/19,12774.8125,,1.4,8.07,1.0,34976.727
01/15/19,2292.1548,,13.9,4.31,12.0,35060.375
01/16/19,0.0,,31.0,3.48,10.0,35146.39
01/17/19,30607.146,,1.4,11.24,1.0,35234.652
01/18/19,24246.383,,0.0,9.5,0.0,35325.062
01/19/19,25293.018,,0.0,9.88,0.0,35417.984
01/20/19,21805.082,,1.1,9.56,2.0,35514.285
01/21/19,34281.516,,0.0,12.03,0.0,35613.805
01/22/19,34077.21,,0.0,11.8,0.0,35716.383
01/23/19,33599.793,,0.0,11.85,0.0,35821.84
01/24/19,34442.766,,0.0,12.38,0.0,35930.004
01/25/19,34484.867,,0.0,12.68,0.0,36040.707
01/26/19,34420.63,,0.0,12.02,0.0,36153.785
01/27/19,29267.227,,0.0,11.78,0.0,36269.074
01/28/19,22340.33,,0.0,10.46,0.0,36386.41
01/29/19,33435.805,,0.0,11.48,0.0,36505.637
01/30/19,27163.45,,0.0,11.22,0.0,36626.598
01/31/19,34774.758,,0.0,12.65,0.0,36749.145
02/01/19,4006.2637,,8.0,5.28,6.0,36873.12
02/02/19,8706.672,,20.2,5.59,11.0,36998.387
02/03/19,28672.38,,4.6,11.15,4.0,37124.79
02/04/19,24198.559,,6.5,10.37,2.0,37252.195
02/05/19,35057.75,,0.0,13.98,0.0,37380.457
02/06/19,35118.113,,0.0,14.04,0.0,37509.445
02/07/19,35179.6,,0.0,12.81,0.0,37639.027
02/08/19,19480.63,,5.1,11.4,4.0,37769.637
02/09/19,17332.154,,9.2,10.18,8.0,37902.36
02/10/19,35373.95,,0.0,14.41,0.0,38037.062
02/11/19,24642.541,,0.0,10.95,0.0,38173.61
02/12/19,3213.7888,,1.1,9.97,1.0,38311.836
02/13/19,0.0,,58.000004,1.02,22.0,38451.598
02/14/19,21258.191,,43.9,9.59,10.0,38592.754
02/15/19,26282.074,,0.4,12.13,1.0,38735.16
02/16/19,35809.09,,2.2,15.39,1.0,38878.67
02/17/19,32286.352,,0.4,15.47,1.0,39023.156
02/18/19,35964.684,,0.0,16.3,0.0,39168.473
02/19/19,36000.0,,0.0,16.35,0.0,39314.496
02/20/19,29863.992,,0.0,15.99,0.0,39461.098
02/21/19,36000.0,,0.0,16.8,0.0,39608.145
02/22/19,36000.0,,0.0,16.99,0.0,39755.508
02/23/19,34751.734,,0.0,15.63,0.0,39903.066
02/24/19,28800.0,,0.0,14.61,0.0,40050.703
02/25/19,0.0,,18.000002,5.16,10.0,40198.29
02/26/19,1552.2,,32.1,8.17,23.0,40345.71
02/27/19,16156.555,,22.4,10.16,8.0,40492.844
02/28/19,35994.92,,0.0,17.74,0.0,40640.13
03/01/19,18515.732,,0.0,14.16,0.0,40788.594
03/02/19,2696.9656,,7.9,5.54,5.0,40938.164
03/03/19,12956.676,,0.0,13.0,0.0,41088.72
03/04/19,34562.734,,0.0,15.61,0.0,41240.145
03/05/19,0.0,,14.3,6.4,9.0,41392.34
03/06/19,25200.0,,6.8999996,14.59,7.0,41545.18
03/07/19,36204.492,,0.0,18.22,0.0,41698.562
03/08/19,36146.293,,0.0,17.65,0.0,41852.383
03/09/19,7200.0,,1.8,11.07,3.0,42006.523
03/10/19,18442.734,,0.0,14.15,0.0,42160.883
03/11/19,38149.766,,0.0,20.29,0.0,42315.35
03/12/19,35160.043,,0.0,17.73,0.0,42469.836
03/13/19,39594.848,,0.0,20.97,0.0,42624.22
03/14/19,38054.625,,0.0,20.15,0.0,42778.402
03/15/19,38975.086,,0.0,21.04,0.0,42932.285
03/16/19,39624.348,,0.0,21.34,0.0,43085.754
03/17/19,38714.906,,0.0,20.73,0.0,43238.71
03/18/19,40675.945,,0.0,21.2,0.0,43391.047
03/19/19,27444.633,,0.0,19.3,0.0,43542.664
03/20/19,27852.115,,2.2,16.16,3.0,43693.953
03/21/19,42305.29,,0.0,21.65,0.0,43845.867
03/22/19,4640.0527,,1.1,8.52,2.0,43998.344
03/23/19,24492.7,,1.8,13.67,2.0,44151.305
03/24/19,38424.566,,0.0,21.03,0.0,44304.637
03/25/19,10238.607,,0.4,11.24,1.0,44458.254
03/26/19,31779.207,,0.0,19.5,0.0,44612.06
03/27/19,39272.59,,0.8,20.28,2.0,44765.957
03/28/19,36000.0,,6.2,20.5,4.0,44919.855
03/29/19,43063.402,,0.0,23.2,0.0,45073.652
03/30/19,42872.105,,0.0,23.61,0.0,45227.254
03/31/19,42356.844,,0.0,23.44,0.0,45380.57
04/01/19,17527.354,,1.1,18.02,1.0,45533.484
04/02/19,33337.895,,1.8,20.73,1.0,45685.918
04/03/19,24148.908,,0.0,16.06,0.0,45837.758
04/04/19,35248.703,,0.0,21.45,0.0,45988.902
04/05/19,27321.24,,1.1,17.97,2.0,46139.246
04/06/19,28609.05,,0.0,20.88,0.0,46288.69
04/07/19,40056.64,,0.0,23.39,0.0,46437.13
04/08/19,28800.0,,0.4,20.92,1.0,46584.45
04/09/19,43200.0,,0.0,25.64,0.0,46731.01
04/10/19,43200.0,,0.0,25.94,0.0,46877.734
04/11/19,43200.0,,0.0,24.51,0.0,47024.555
04/12/19,43200.0,,0.0,25.38,0.0,47171.37
04/13/19,43200.0,,0.0,24.28,0.0,47318.094
04/14/19,41522.387,,0.0,24.95,0.0,47464.62
04/15/19,21990.258,,0.0,18.15,0.0,47610.85
04/16/19,36158.184,,0.0,22.45,0.0,47756.688
04/17/19,43618.227,,0.0,26.22,0.0,47902.023
04/18/19,43577.16,,0.0,26.42,0.0,48046.754
04/19/19,43200.0,,0.0,25.79,0.0,48190.77
04/20/19,43200.0,,0.0,25.47,0.0,48333.97
04/21/19,45117.96,,0.0,27.39,0.0,48476.23
04/22/19,44939.508,,0.0,27.42,0.0,48617.45
04/23/19,44598.61,,0.0,26.49,0.0,48757.504
04/24/19,45362.082,,0.0,26.62,0.0,48896.28
04/25/19,45441.016,,0.0,26.93,0.0,49033.656
04/26/19,45413.156,,0.0,27.31,0.0,49169.504
04/27/19,43200.0,,0.0,27.34,0.0,49303.707
04/28/19,43991.79,,0.0,26.9,0.0,49436.125
04/29/19,45742.023,,0.0,27.76,0.0,49567.1
04/30/19,45814.133,,0.0,27.87,0.0,49697.508
05/01/19,45885.438,,0.0,29.37,0.0,49827.26
05/02/19,45955.883,,0.0,28.66,0.0,49956.266
05/03/19,44894.016,,0.0,28.57,0.0,50084.406
05/04/19,46093.957,,0.0,29.1,0.0,50211.58
05/05/19,46161.473,,0.0,28.85,0.0,50337.66
05/06/19,43200.0,,0.0,27.73,0.0,50462.54
05/07/19,46293.164,,0.0,28.14,0.0,50586.11
05/08/19,46357.21,,0.0,28.27,0.0,50708.24
05/09/19,46419.984,,0.0,28.56,0.0,50828.8
05/10/19,46481.406,,0.0,29.87,0.0,50947.688
05/11/19,46541.414,,0.0,29.44,0.0,51064.754
05/12/19,46599.953,,0.0,28.96,0.0,51179.883
05/13/19,46656.938,,0.0,29.45,0.0,51292.934
05/14/19,36467.29,,0.0,26.45,0.0,51403.78
05/15/19,3600.0,,17.800001,12.68,6.0,51512.285
05/16/19,22092.633,,2.2,18.06,3.0,51618.305
05/17/19,32445.135,,0.0,20.97,0.0,51721.7
05/18/19,0.0,,2.9,17.88,3.0,51822.336
05/19/19,21048.865,,3.6000001,18.86,2.0,51920.453
05/20/19,46966.28,,0.0,28.37,0.0,52016.777
05/21/19,40591.79,,0.0,27.37,0.0,52111.242
05/22/19,46800.0,,0.0,29.84,0.0,52203.754
05/23/19,38768.26,,0.0,28.15,0.0,52294.21
05/24/19,40476.555,,0.0,29.08,0.0,52382.523
05/25/19,34426.363,,0.0,25.82,0.0,52468.59
05/26/19,29664.297,,0.0,21.92,0.0,52552.31
05/27/19,47933.504,,0.0,29.92,0.0,52633.582
05/28/19,47700.04,,0.0,30.46,0.0,52712.305
05/29/19,43200.0,,0.0,29.37,0.0,52788.387
05/30/19,43034.684,,0.0,29.3,0.0,52861.72
05/31/19,50008.832,,0.0,30.58,0.0,52932.2
06/01/19,48666.22,,0.0,30.42,0.0,52999.72
06/02/19,49530.723,,0.0,30.05,0.0,53064.18
06/03/19,50019.387,,0.0,30.0,0.0,53125.48
06/04/19,49967.574,,0.0,30.5,0.0,53183.51
06/05/19,50094.59,,0.0,30.14,0.0,53238.176
06/06/19,50400.0,,0.0,31.25,0.0,53289.37
06/07/19,50400.0,,0.0,32.61,0.0,53336.99
06/08/19,46800.0,,0.0,31.82,0.0,53381.12
06/09/19,50400.0,,0.0,31.76,0.0,53422.117
06/10/19,50400.0,,0.0,31.3,0.0,53459.96
06/11/19,50400.0,,0.0,31.36,0.0,53494.62
06/12/19,50400.0,,0.0,31.17,0.0,53526.074
06/13/19,50400.0,,0.0,31.29,0.0,53554.3
06/14/19,50400.0,,0.0,31.51,0.0,53579.277
06/15/19,50400.0,,0.0,30.79,0.0,53600.984
06/16/19,50400.0,,0.0,31.4,0.0,53619.39
06/17/19,50400.0,,0.0,31.65,0.0,53634.49
06/18/19,50400.0,,0.0,32.32,0.0,53646.26
06/19/19,50400.0,,0.0,31.87,0.0,53654.688
06/20/19,50400.0,,0.0,32.54,0.0,53659.758
06/21/19,50400.0,,0.0,33.42,0.0,53661.453
06/22/19,50400.0,,0.0,32.84,0.0,53659.77
06/23/19,50400.0,,0.0,32.12,0.0,53654.695
06/24/19,46219.688,,0.0,30.1,0.0,53646.223
06/25/19,50400.0,,0.0,31.76,0.0,53634.344
06/26/19,50400.0,,0.0,32.27,0.0,53619.05
06/27/19,50400.0,,0.0,31.7,0.0,53600.35
06/28/19,50400.0,,0.0,32.08,0.0,53578.133
06/29/19,50400.0,,0.0,32.36,0.0,53552.215
06/30/19,50400.0,,0.0,32.45,0.0,53522.668
07/01/19,50400.0,,0.0,31.58,0.0,53489.566
07/02/19,50400.0,,0.0,31.52,0.0,53452.996
07/03/19,50400.0,,0.0,31.58,0.0,53413.023
07/04/19,50400.0,,0.0,31.46,0.0,53369.742
07/05/19,50400.0,,0.0,31.41,0.0,53323.223
07/06/19,50400.0,,0.0,30.55,0.0,53273.547
07/07/19,46800.0,,0.0,30.67,0.0,53220.8
07/08/19,50400.0,,0.0,30.95,0.0,53165.066
07/09/19,50400.0,,0.0,29.98,0.0,53106.42
07/10/19,50033.605,,0.0,30.14,0.0,53044.953
07/11/19,50400.0,,0.0,30.73,0.0,52980.75
07/12/19,50400.0,,0.0,30.79,0.0,52913.883
07/13/19,50400.0,,0.0,30.93,0.0,52844.445
07/14/19,50400.0,,0.0,30.94,0.0,52772.51
07/15/19,50392.61,,0.0,30.53,0.0,52698.168
07/16/19,50349.45,,0.0,30.38,0.0,52621.5
07/17/19,50305.945,,0.0,30.47,0.0,52542.586
07/18/19,50262.03,,0.0,30.03,0.0,52461.156
07/19/19,50217.074,,0.0,30.48,0.0,52376.617
07/20/19,50171.074,,0.0,30.22,0.0,52289.074
07/21/19,50124.11,,0.0,29.79,0.0,52198.656
07/22/19,50076.25,,0.0,29.98,0.0,52105.504
07/23/19,50027.574,,0.0,30.32,0.0,52009.754
07/24/19,49978.156,,0.0,30.74,0.0,51911.527
07/25/19,49928.07,,0.0,29.18,0.0,51810.957
07/26/19,49877.387,,0.0,30.06,0.0,51708.176
07/27/19,49826.18,,0.0,30.36,0.0,51603.312
07/28/19,48049.08,,0.0,29.78,0.0,51496.48
07/29/19,49722.473,,0.0,29.92,0.0,51387.812
07/30/19,49670.11,,0.0,29.74,0.0,51277.418
07/31/19,49617.508,,0.0,30.03,0.0,51165.43
08/01/19,49564.723,,0.0,29.37,0.0,51051.95
08/02/19,49511.824,,0.0,29.04,0.0,50937.1
08/03/19,49458.88,,0.0,29.16,0.0,50820.992
08/04/19,49405.945,,0.0,29.34,0.0,50703.734
08/05/19,46686.3,,0.0,28.94,0.0,50585.438
08/06/19,47721.715,,0.0,28.74,0.0,50466.207
08/07/19,47685.14,,0.0,28.66,0.0,50345.707
08/08/19,46755.02,,0.0,28.46,0.0,50223.13
08/09/19,45729.9,,0.0,27.59,0.0,50098.566
08/10/19,37518.273,,0.0,24.4,0.0,49972.16
08/11/19,45434.812,,0.0,28.28,0.0,49844.035
08/12/19,45381.047,,0.0,28.02,0.0,49714.32
08/13/19,45327.133,,0.0,27.71,0.0,49583.13
08/14/19,45273.094,,0.0,27.96,0.0,49450.59
08/15/19,45218.97,,0.0,27.62,0.0,49316.816
08/16/19,45164.78,,0.0,27.13,0.0,49181.93
08/17/19,45110.555,,0.0,27.28,0.0,49046.043
08/18/19,45056.312,,0.0,27.22,0.0,48909.266
08/19/19,45002.086,,0.0,26.85,0.0,48771.703
08/20/19,44947.887,,0.0,26.92,0.0,48633.465
08/21/19,44179.492,,0.0,25.86,0.0,48494.66
08/22/19,44203.316,,0.0,26.42,0.0,48355.387
08/23/19,44785.71,,0.0,26.12,0.0,48215.746
08/24/19,44731.855,,0.0,26.09,0.0,48075.84
08/25/19,44577.32,,0.0,25.95,0.0,47935.76
08/26/19,44298.94,,0.0,25.9,0.0,47795.613
08/27/19,44021.46,,0.0,25.35,0.0,47655.03
08/28/19,43444.01,,0.0,25.02,0.0,47513.17
08/29/19,43469.406,,0.0,25.07,0.0,47370.1
08/30/19,43794.938,,0.0,25.61,0.0,47225.94
08/31/19,43220.594,,0.0,25.15,0.0,47080.78
09/01/19,43200.0,,0.0,25.1,0.0,46934.742
09/02/19,43200.0,,0.0,24.43,0.0,46787.91
09/03/19,43200.0,,0.0,24.99,0.0,46640.395
09/04/19,43200.0,,0.0,23.3,0.0,46492.297
09/05/19,43200.0,,0.0,23.9,0.0,46343.707
09/06/19,43200.0,,0.0,24.67,0.0,46194.727
09/07/19,43200.0,,0.0,24.02,0.0,46045.44
09/08/19,43200.0,,0.0,23.67,0.0,45895.95
09/09/19,39600.0,,0.0,23.26,0.0,45746.34
09/10/19,43200.0,,0.0,23.36,0.0,45596.707
09/11/19,43200.0,,0.0,23.33,0.0,45447.145
09/12/19,43200.0,,0.0,23.16,0.0,45297.734
09/13/19,43200.0,,0.0,23.21,0.0,45148.566
09/14/19,43200.0,,0.0,22.98,0.0,44999.73
09/15/19,43010.4,,0.0,22.63,0.0,44851.316
09/16/19,14400.0,,0.0,11.75,0.0,44702.953
09/17/19,39600.0,,0.0,22.0,0.0,44553.76
09/18/19,32400.0,,0.0,19.32,0.0,44403.81
09/19/19,39600.0,,0.0,21.66,0.0,44253.2
09/20/19,39600.0,,0.0,21.37,0.0,44102.01
09/21/19,39600.0,,0.0,21.42,0.0,43950.36
09/22/19,39575.285,,0.0,20.06,0.0,43798.33
09/23/19,39520.74,,0.0,20.86,0.0,43646.016
09/24/19,39466.03,,0.0,20.42,0.0,43493.51
09/25/19,39411.164,,0.0,20.1,0.0,43340.918
09/26/19,39356.113,,0.0,19.97,0.0,43188.316
09/27/19,35700.867,,0.0,16.68,0.0,43035.812
09/28/19,20484.883,,0.0,14.9,0.0,42883.492
09/29/19,24789.754,,0.0,16.79,0.0,42731.445
09/30/19,39133.86,,0.0,19.17,0.0,42579.777
10/01/19,39077.727,,0.0,20.02,0.0,42428.58
10/02/19,39021.344,,0.0,19.57,0.0,42277.94
10/03/19,38964.695,,0.0,19.13,0.0,42127.97
10/04/19,38907.773,,0.0,19.42,0.0,41978.75
10/05/19,38850.58,,0.0,18.96,0.0,41830.39
10/06/19,38793.074,,0.0,18.74,0.0,41682.484
10/07/19,38735.227,,0.0,18.52,0.0,41534.1
10/08/19,38677.023,,0.0,17.59,0.0,41385.3
10/09/19,38618.47,,0.0,18.97,0.0,41236.19
10/10/19,38559.566,,0.0,18.73,0.0,41086.875
10/11/19,38500.32,,0.0,18.31,0.0,40937.46
10/12/19,38440.734,,0.0,17.94,0.0,40788.062
10/13/19,38380.812,,0.0,17.64,0.0,40638.777
10/14/19,38320.555,,0.0,17.56,0.0,40489.727
10/15/19,38192.875,,0.0,16.93,0.0,40341.016
10/16/19,33122.535,,0.0,16.34,0.0,40192.754
10/17/19,38137.848,,0.0,16.45,0.0,40045.055
10/18/19,38076.32,,0.0,16.08,0.0,39898.047
10/19/19,34414.496,,0.0,13.87,0.0,39751.832
10/20/19,37164.805,,0.0,15.52,0.0,39606.54
10/21/19,37890.0,,0.0,15.74,0.0,39462.285
10/22/19,37542.523,,0.0,15.42,0.0,39319.195
10/23/19,37764.438,,0.0,15.32,0.0,39177.395
10/24/19,37018.227,,0.0,15.33,0.0,39037.01
10/25/19,36519.77,,0.0,15.3,0.0,38898.184
10/26/19,36130.906,,0.0,15.12,0.0,38760.48
10/27/19,35718.14,,0.0,15.42,0.0,38622.863
10/28/19,34533.04,,0.0,15.1,0.0,38485.414
10/29/19,33784.562,,0.0,14.85,0.0,38348.27
10/30/19,33615.527,,0.0,14.89,0.0,38211.547
10/31/19,33027.22,,0.0,14.7,0.0,38075.395
11/01/19,33063.324,,0.0,14.22,0.0,37939.938
11/02/19,32471.176,,0.0,13.89,0.0,37805.316
11/03/19,32400.0,,0.0,13.64,0.0,37671.66
11/04/19,32400.0,,0.0,13.42,0.0,37539.12
11/05/19,32400.0,,0.0,13.34,0.0,37407.848
11/06/19,32400.0,,0.0,13.07,0.0,37277.977
11/07/19,32400.0,,0.0,12.78,0.0,37149.664
11/08/19,32400.0,,0.0,12.99,0.0,37023.062
11/09/19,32400.0,,0.0,12.93,0.0,36898.332
11/10/19,32400.0,,0.0,12.39,0.0,36775.63
11/11/19,30852.807,,0.0,11.52,0.0,36655.11
11/12/19,26667.305,,0.0,11.06,0.0,36536.945
11/13/19,32400.0,,0.0,11.14,0.0,36421.305
11/14/19,30418.424,,0.0,10.76,0.0,36308.355
11/15/19,32400.0,,0.0,11.39,0.0,36197.72
11/16/19,32400.0,,0.0,11.68,0.0,36088.367
11/17/19,32400.0,,0.0,11.54,0.0,35980.4
11/18/19,32400.0,,0.0,11.38,0.0,35873.938
11/19/19,32374.176,,0.0,11.39,0.0,35769.13
11/20/19,32307.38,,0.0,11.31,0.0,35666.098
11/21/19,32240.684,,0.0,11.19,0.0,35564.984
11/22/19,32174.195,,0.0,11.0,0.0,35465.94
11/23/19,32108.041,,0.0,11.13,0.0,35369.094
11/24/19,32042.328,,0.0,11.11,0.0,35274.594
11/25/19,31977.176,,0.0,11.24,0.0,35182.59
11/26/19,3957.1587,,11.9,6.61,5.0,35093.227
11/27/19,21600.0,,0.0,9.73,0.0,35006.652
11/28/19,17939.738,,0.0,7.66,0.0,34923.023
11/29/19,31724.527,,0.0,10.82,0.0,34842.49
11/30/19,991.6731,,9.099999,6.71,7.0,34765.203
12/01/19,0.0,,52.1,1.91,24.0,34691.316
12/02/19,0.0,,8.400001,2.28,11.0,34620.98
12/03/19,31490.396,,0.0,10.04,0.0,34554.37
12/04/19,0.0,,2.2,3.88,3.0,34491.62
12/05/19,364.12033,,0.4,5.49,1.0,34432.543
12/06/19,14400.0,,2.5,8.08,2.0,34376.473
12/07/19,17133.297,,6.1,7.77,5.0,34323.45
12/08/19,27625.941,,0.0,8.44,0.0,34273.535
12/09/19,31175.246,,0.0,9.81,0.0,34226.797
12/10/19,21753.527,,5.8,7.35,4.0,34183.297
12/11/19,2569.4304,,2.2,4.13,3.0,34143.09
12/12/19,10800.0,,0.7,6.17,1.0,34106.242
12/13/19,3639.634,,0.0,5.11,0.0,34072.805
12/14/19,30938.123,,0.0,9.31,0.0,34042.844
12/15/19,30894.79,,0.0,9.91,0.0,34016.41
12/16/19,30853.1,,0.0,9.97,0.0,33993.562
12/17/19,26318.89,,0.0,9.4,0.0,33974.35
12/18/19,3600.0,,8.6,4.96,7.0,33958.83
12/19/19,8329.447,,0.0,6.31,0.0,33947.05
12/20/19,19171.574,,0.0,8.15,0.0,33939.062
12/21/19,0.0,,0.0,5.45,0.0,33934.91
12/22/19,10800.0,,7.2,5.22,5.0,33934.64
12/23/19,28800.0,,0.0,10.05,0.0,33938.297
12/24/19,19792.271,,0.0,8.25,0.0,33945.92
12/25/19,1719.8251,,1.1,4.29,1.0,33957.586
12/26/19,30549.84,,0.0,10.25,0.0,33973.355
12/27/19,30531.188,,0.0,9.93,0.0,33993.152
12/28/19,30514.277,,0.0,9.84,0.0,34016.91
12/29/19,16173.086,,7.0,7.03,5.0,34044.543
12/30/19,30485.854,,0.0,10.05,0.0,34075.977
12/31/19,30474.43,,0.0,9.77,0.0,34111.133
01/01/20,28800.0,,0.0,9.51,0.0,34149.92
01/02/20,27564.494,,0.0,9.95,0.0,34192.273
01/03/20,28800.0,,0.0,9.79,0.0,34238.094
01/04/20,23324.389,,0.0,8.02,0.0,34287.305
01/05/20,30446.71,,0.0,10.44,0.0,34339.816
01/06/20,30447.322,,0.0,10.5,0.0,34395.55
01/07/20,29624.299,,0.0,9.09,0.0,34454.41
01/08/20,2885.0344,,0.0,7.54,0.0,34516.316
01/09/20,20330.885,,1.4,7.11,1.0,34581.188
01/10/20,24681.434,,0.0,9.53,0.0,34648.93
01/11/20,30483.184,,0.0,10.54,0.0,34719.457
01/12/20,14513.736,,0.0,8.04,0.0,34792.68
01/13/20,30513.541,,0.0,10.39,0.0,34868.523
01/14/20,30532.28,,0.0,11.1,0.0,34947.3
01/15/20,30553.34,,0.0,10.56,0.0,35029.754
01/16/20,16063.143,,3.3000002,9.47,2.0,35115.74
01/17/20,25562.504,,0.0,10.86,0.0,35205.086
01/18/20,24017.416,,0.0,10.9,0.0,35297.633
01/19/20,8680.577,,0.0,9.0,0.0,35393.21
01/20/20,13641.915,,0.0,9.51,0.0,35491.66
01/21/20,3600.0,,0.7,5.73,1.0,35592.81
01/22/20,32082.947,,0.0,10.89,0.0,35696.5
01/23/20,1711.5193,,0.0,8.56,0.0,35802.574
01/24/20,30837.527,,0.0,11.0,0.0,35910.883
01/25/20,21600.0,,0.4,9.55,1.0,36021.26
01/26/20,34521.42,,0.4,12.53,1.0,36133.574
01/27/20,34272.992,,0.0,12.19,0.0,36247.652
01/28/20,30228.047,,0.0,12.26,0.0,36363.363
01/29/20,25255.232,,0.0,11.7,0.0,36480.562
01/30/20,34708.82,,0.0,12.79,0.0,36599.105
01/31/20,34759.5,,0.0,12.65,0.0,36718.85
02/01/20,23090.363,,0.0,11.89,0.0,36839.67
02/02/20,21600.0,,0.0,12.52,0.0,36961.426
02/03/20,34920.246,,0.0,14.41,0.0,37084.555
02/04/20,31377.482,,0.0,13.42,0.0,37210.1
02/05/20,35036.797,,0.0,13.46,0.0,37337.953
02/06/20,35098.08,,0.0,13.68,0.0,37467.93
02/07/20,35161.223,,0.0,14.52,0.0,37599.883
02/08/20,35226.113,,0.0,14.6,0.0,37733.645
02/09/20,35292.652,,0.0,15.04,0.0,37869.07
02/10/20,35360.73,,0.0,15.09,0.0,38006.0
02/11/20,35430.25,,0.0,15.16,0.0,38144.285
02/12/20,35501.1,,0.0,15.38,0.0,38283.78
02/13/20,35573.188,,0.0,15.25,0.0,38424.344
02/14/20,35646.418,,0.0,15.06,0.0,38565.832
02/15/20,35720.684,,0.0,14.99,0.0,38708.11
02/16/20,35795.9,,0.0,14.96,0.0,38851.04
02/17/20,35871.957,,0.0,16.52,0.0,38994.49
02/18/20,35948.777,,0.0,16.57,0.0,39138.32
02/19/20,36000.0,,0.0,16.71,0.0,39282.418
02/20/20,35849.375,,0.0,15.84,0.0,39426.645
02/21/20,36000.0,,0.0,16.73,0.0,39570.88
02/22/20,36000.0,,0.0,16.88,0.0,39714.996
02/23/20,28800.0,,0.0,15.41,0.0,39859.434
02/24/20,36000.0,,0.0,17.36,0.0,40005.246
02/25/20,36000.0,,0.0,17.55,0.0,40152.35
02/26/20,36000.0,,0.0,17.73,0.0,40300.62
02/27/20,36000.0,,0.0,17.85,0.0,40449.938
02/28/20,36000.0,,0.0,17.37,0.0,40600.18
02/29/20,36000.0,,0.0,18.05,0.0,40751.22
03/01/20,32347.879,,0.0,17.55,0.0,40902.957
03/02/20,36386.703,,0.0,18.58,0.0,41055.266
03/03/20,36639.594,,0.0,18.93,0.0,41208.035
03/04/20,36891.6,,0.0,19.2,0.0,41361.15
03/05/20,36738.184,,0.0,19.11,0.0,41514.5
03/06/20,28800.0,,0.0,17.75,0.0,41667.984
03/07/20,18864.799,,0.0,14.88,0.0,41821.484
03/08/20,15052.323,,0.0,11.88,0.0,41974.9
03/09/20,28800.0,,0.0,17.49,0.0,42128.113
03/10/20,40580.176,,0.0,20.24,0.0,42281.023
03/11/20,41017.5,,0.0,20.15,0.0,42433.523
03/12/20,41206.297,,0.0,20.85,0.0,42585.51
03/13/20,39819.293,,0.0,20.91,0.0,42736.867
03/14/20,29844.334,,0.0,19.42,0.0,42888.008
03/15/20,31952.996,,1.8,18.94,2.0,43039.902
03/16/20,13922.936,,1.1,14.42,2.0,43192.492
03/17/20,21962.154,,0.0,17.7,0.0,43345.668
03/18/20,9086.336,,0.8,10.79,2.0,43499.344
03/19/20,42186.35,,0.0,21.83,0.0,43653.418
03/20/20,42281.54,,0.0,22.02,0.0,43807.793
03/21/20,42377.06,,0.0,22.69,0.0,43962.367
03/22/20,39631.188,,0.0,22.11,0.0,44117.055
03/23/20,42568.684,,0.0,22.63,0.0,44271.746
03/24/20,28520.498,,0.7,17.11,1.0,44426.35
03/25/20,35560.383,,0.0,20.15,0.0,44580.773
03/26/20,42855.99,,0.0,23.8,0.0,44734.906
03/27/20,39351.29,,0.0,22.63,0.0,44888.656
03/28/20,24313.062,,0.4,16.9,1.0,45041.92
03/29/20,43140.56,,0.0,20.14,0.0,45194.605
03/30/20,43200.0,,0.0,23.38,0.0,45346.6
03/31/20,43200.0,,0.0,22.58,0.0,45497.805
04/01/20,43200.0,,0.0,25.28,0.0,45648.113
04/02/20,43200.0,,0.0,25.71,0.0,45797.42
04/03/20,43200.0,,0.0,25.12,0.0,45946.1
04/04/20,18000.0,,2.6,13.43,3.0,46095.07
04/05/20,18000.0,,4.4,19.66,4.0,46244.273
04/06/20,37399.44,,0.0,24.35,0.0,46393.613
04/07/20,39600.0,,0.0,24.76,0.0,46542.996
04/08/20,36000.0,,0.0,24.38,0.0,46692.324
04/09/20,36000.0,,0.0,20.54,0.0,46841.5
04/10/20,43282.383,,0.0,25.39,0.0,46990.43
04/11/20,43837.55,,0.0,25.54,0.0,47139.016
04/12/20,29394.377,,0.0,21.79,0.0,47287.152
04/13/20,44352.574,,0.0,27.12,0.0,47434.734
04/14/20,44589.414,,0.0,27.52,0.0,47581.664
04/15/20,44677.016,,0.0,26.14,0.0,47727.83
04/16/20,44763.773,,0.0,26.81,0.0,47873.12
04/17/20,43200.0,,0.0,26.31,0.0,48017.434
04/18/20,40323.082,,0.0,25.01,0.0,48160.645
04/19/20,41833.23,,0.0,26.12,0.0,48302.656
04/20/20,23467.203,,0.0,24.18,0.0,48443.332
04/21/20,45181.23,,0.0,27.54,0.0,48582.562
04/22/20,45260.734,,0.0,26.64,0.0,48720.227
04/23/20,45338.86,,0.0,27.24,0.0,48856.66
04/24/20,45416.38,,0.0,27.66,0.0,48992.754
04/25/20,44943.87,,0.0,26.68,0.0,49128.438
04/26/20,45569.61,,0.0,28.12,0.0,49263.61
04/27/20,45645.19,,0.0,27.57,0.0,49398.16
04/28/20,45719.996,,0.0,28.0,0.0,49531.977
04/29/20,25200.0,,0.0,24.12,0.0,49664.96
04/30/20,45866.984,,0.0,28.85,0.0,49796.996
05/01/20,45939.03,,0.0,29.3,0.0,49927.957
05/02/20,35210.016,,0.0,26.69,0.0,50057.74
05/03/20,42479.86,,0.0,29.05,0.0,50186.22
05/04/20,46148.492,,0.0,29.78,0.0,50313.277
05/05/20,46215.844,,0.0,29.44,0.0,50438.785
05/06/20,46281.83,,0.0,30.83,0.0,50562.62
05/07/20,46346.367,,0.0,30.16,0.0,50684.645
05/08/20,46409.39,,0.0,28.95,0.0,50804.734
05/09/20,46470.8,,0.0,29.52,0.0,50922.76
05/10/20,46530.53,,0.0,29.92,0.0,51038.574
05/11/20,24646.053,,0.0,19.86,0.0,51152.04
05/12/20,46033.9,,0.0,26.29,0.0,51263.016
05/13/20,7964.0674,,0.0,14.21,0.0,51371.78
05/14/20,21551.688,,0.0,19.2,0.0,51479.117
05/15/20,46800.0,,0.0,29.46,0.0,51584.953
05/16/20,43200.0,,0.4,29.64,1.0,51689.188
05/17/20,46800.0,,0.0,28.98,0.0,51791.715
05/18/20,47665.133,,2.9,28.83,3.0,51892.426
05/19/20,50400.0,,0.0,28.76,0.0,51991.207
05/20/20,50400.0,,0.0,28.83,0.0,52087.965
05/21/20,50400.0,,0.0,30.47,0.0,52182.582
05/22/20,50400.0,,0.0,32.16,0.0,52274.945
05/23/20,50400.0,,0.0,32.06,0.0,52364.938
05/24/20,50400.0,,0.0,31.2,0.0,52452.457
05/25/20,50400.0,,0.0,30.62,0.0,52537.367
05/26/20,50400.0,,0.0,30.54,0.0,52619.57
05/27/20,50400.0,,0.0,30.58,0.0,52698.945
05/28/20,50400.0,,0.0,31.4,0.0,52775.363
05/29/20,47072.2,,0.0,30.47,0.0,52848.715
05/30/20,35419.0,,1.5,23.12,2.0,52918.88
05/31/20,39592.016,,0.0,27.25,0.0,52985.734
06/01/20,50400.0,,0.0,30.79,0.0,53049.156
06/02/20,50400.0,,0.0,31.28,0.0,53109.29
06/03/20,50400.0,,0.0,31.18,0.0,53166.598
06/04/20,48704.83,,0.0,30.98,0.0,53221.05
06/05/20,50400.0,,0.0,31.58,0.0,53272.594
06/06/20,50400.0,,0.0,32.03,0.0,53321.18
06/07/20,39600.0,,0.0,29.62,0.0,53366.758
06/08/20,50400.0,,0.0,32.74,0.0,53409.285
06/09/20,49891.207,,0.0,31.21,0.0,53448.71
06/10/20,47844.695,,0.0,30.92,0.0,53484.99
06/11/20,50400.0,,0.0,31.49,0.0,53518.074
06/12/20,43200.0,,3.2,26.0,1.0,53547.92
06/13/20,41536.004,,0.0,30.51,0.0,53574.492
06/14/20,48744.125,,0.0,31.1,0.0,53597.74
06/15/20,50400.0,,0.0,31.4,0.0,53617.625
06/16/20,50400.0,,0.0,32.41,0.0,53634.11
06/17/20,50400.0,,0.0,33.2,0.0,53647.156
06/18/20,50400.0,,0.0,32.42,0.0,53656.73
06/19/20,48177.19,,0.0,31.68,0.0,53662.793
06/20/20,50400.0,,0.0,31.24,0.0,53665.31
06/21/20,50400.0,,0.0,31.36,0.0,53664.258
06/22/20,50400.0,,0.0,31.6,0.0,53659.574
06/23/20,50400.0,,0.0,30.99,0.0,53651.227
06/24/20,50400.0,,0.0,31.1,0.0,53639.25
06/25/20,50400.0,,0.0,31.35,0.0,53623.707
06/26/20,50400.0,,0.0,31.43,0.0,53604.65
06/27/20,50400.0,,0.0,31.39,0.0,53582.125
06/28/20,50400.0,,0.0,31.34,0.0,53556.19
06/29/20,50400.0,,0.0,32.58,0.0,53526.902
06/30/20,50400.0,,0.0,31.64,0.0,53494.32
07/01/20,50400.0,,0.0,31.54,0.0,53458.5
07/02/20,50400.0,,0.0,31.79,0.0,53419.508
07/03/20,50400.0,,0.0,31.68,0.0,53377.395
07/04/20,50400.0,,0.0,31.58,0.0,53332.23
07/05/20,50400.0,,0.0,31.91,0.0,53284.074
07/06/20,50400.0,,0.0,32.01,0.0,53232.99
07/07/20,50400.0,,0.0,31.92,0.0,53179.047
07/08/20,50400.0,,0.0,31.33,0.0,53122.297
07/09/20,50400.0,,0.0,31.2,0.0,53062.81
07/10/20,50400.0,,0.0,31.68,0.0,53000.65
07/11/20,50400.0,,0.0,31.93,0.0,52935.887
07/12/20,50400.0,,0.0,31.94,0.0,52868.285
07/13/20,50400.0,,0.0,30.82,0.0,52797.332
07/14/20,50400.0,,0.0,30.71,0.0,52723.137
07/15/20,50366.58,,0.0,30.65,0.0,52645.824
07/16/20,50322.234,,0.0,30.38,0.0,52565.52
07/17/20,50276.86,,0.0,30.04,0.0,52482.348
07/18/20,50230.527,,0.0,30.53,0.0,52396.438
07/19/20,50183.33,,0.0,30.42,0.0,52307.906
07/20/20,50135.336,,0.0,29.97,0.0,52216.883
07/21/20,50086.64,,0.0,29.64,0.0,52123.492
07/22/20,50037.316,,0.0,30.25,0.0,52027.844
07/23/20,49987.445,,0.0,30.06,0.0,51930.06
07/24/20,49937.11,,0.0,29.97,0.0,51830.26
07/25/20,49886.383,,0.0,30.05,0.0,51728.562
07/26/20,49835.344,,0.0,29.7,0.0,51625.082
07/27/20,49784.07,,0.0,29.51,0.0,51519.918
07/28/20,49732.64,,0.0,29.75,0.0,51413.195
07/29/20,49681.125,,0.0,30.4,0.0,51305.008
07/30/20,49629.598,,0.0,30.06,0.0,51195.477
07/31/20,49578.137,,0.0,30.36,0.0,51084.7
08/01/20,49526.69,,0.0,29.88,0.0,50972.35
08/02/20,49474.82,,0.0,29.44,0.0,50857.656
08/03/20,49100.465,,0.0,28.99,0.0,50740.72
08/04/20,48493.215,,0.0,28.69,0.0,50621.676
08/05/20,48092.812,,0.0,28.36,0.0,50500.664
08/06/20,46961.59,,0.0,28.12,0.0,50377.81
08/07/20,46506.707,,0.0,27.99,0.0,50253.246
08/08/20,45776.883,,0.0,27.77,0.0,50127.098
08/09/20,45501.836,,0.0,27.73,0.0,49999.484
08/10/20,45447.652,,0.0,27.42,0.0,49870.535
08/11/20,45393.363,,0.0,27.56,0.0,49740.36
08/12/20,45339.004,,0.0,28.13,0.0,49609.082
08/13/20,45284.613,,0.0,27.93,0.0,49476.82
08/14/20,43831.047,,0.0,26.33,0.0,49343.676
08/15/20,45175.867,,0.0,26.66,0.0,49209.766
08/16/20,36000.0,,0.0,24.1,0.0,49075.19
08/17/20,16864.71,,0.0,18.82,0.0,48940.062
08/18/20,39697.273,,0.0,25.56,0.0,48804.484
08/19/20,44959.426,,0.0,26.66,0.0,48668.555
08/20/20,44905.71,,0.0,27.25,0.0,48532.37
08/21/20,44852.168,,0.0,26.29,0.0,48395.59
08/22/20,33725.12,,0.0,23.54,0.0,48257.355
08/23/20,43336.434,,0.0,25.63,0.0,48117.75
08/24/20,39600.0,,0.0,25.29,0.0,47976.895
08/25/20,40391.03,,0.0,24.87,0.0,47834.89
08/26/20,44015.445,,0.0,24.95,0.0,47691.855
08/27/20,44039.895,,0.0,25.68,0.0,47547.887
08/28/20,43463.17,,0.0,25.16,0.0,47403.094
08/29/20,43488.65,,0.0,24.85,0.0,47257.582
08/30/20,43214.367,,0.0,25.1,0.0,47111.44
08/31/20,43200.0,,0.0,24.8,0.0,46964.78
09/01/20,43200.0,,0.0,24.72,0.0,46817.695
09/02/20,43200.0,,0.0,24.32,0.0,46670.28
09/03/20,43200.0,,0.0,24.08,0.0,46522.625
09/04/20,43200.0,,0.0,24.04,0.0,46374.836
09/05/20,43200.0,,0.0,23.87,0.0,46226.992
09/06/20,43200.0,,0.0,23.57,0.0,46079.188
09/07/20,43200.0,,0.0,23.55,0.0,45931.51
09/08/20,43200.0,,0.0,24.7,0.0,45784.055
09/09/20,43200.0,,0.0,24.15,0.0,45636.91
09/10/20,43200.0,,0.0,23.63,0.0,45489.703
09/11/20,43200.0,,0.0,23.37,0.0,45341.57
09/12/20,43200.0,,0.0,22.86,0.0,45192.586
09/13/20,43168.926,,0.0,23.04,0.0,45042.84
09/14/20,42542.555,,0.0,22.74,0.0,44892.438
09/15/20,41440.906,,0.0,22.58,0.0,44741.47
09/16/20,40696.926,,0.0,22.3,0.0,44590.02
09/17/20,39658.31,,0.0,21.58,0.0,44438.207
09/18/20,36000.0,,0.0,20.64,0.0,44286.105
09/19/20,39600.0,,0.0,21.2,0.0,44133.81
09/20/20,39600.0,,0.0,21.23,0.0,43981.418
09/21/20,39588.344,,0.0,20.78,0.0,43829.02
09/22/20,39533.85,,0.0,20.68,0.0,43676.703
09/23/20,39479.195,,0.0,20.34,0.0,43524.566
09/24/20,39424.35,,0.0,19.29,0.0,43372.695
09/25/20,39369.324,,0.0,19.92,0.0,43221.184
09/26/20,39314.086,,0.0,19.3,0.0,43070.125
09/27/20,39258.633,,0.0,19.9,0.0,42919.605
09/28/20,39202.945,,0.0,20.12,0.0,42769.723
09/29/20,39147.02,,0.0,19.57,0.0,42620.57
09/30/20,39090.836,,0.0,19.5,0.0,42471.76
10/01/20,39034.38,,0.0,19.31,0.0,42322.367
10/02/20,38977.64,,0.0,19.11,0.0,42172.457
10/03/20,38920.61,,0.0,19.23,0.0,42022.137
10/04/20,38863.297,,0.0,18.99,0.0,41871.504
10/05/20,38805.69,,0.0,19.22,0.0,41720.656
10/06/20,38747.793,,0.0,18.84,0.0,41569.71
10/07/20,38689.594,,0.0,18.79,0.0,41418.754
10/08/20,36486.88,,0.0,17.55,0.0,41267.902
10/09/20,31710.777,,0.0,16.35,0.0,41117.258
10/10/20,34473.34,,0.0,16.41,0.0,40966.914
10/11/20,38453.797,,0.0,17.29,0.0,40816.992
10/12/20,38394.09,,0.0,17.32,0.0,40667.6
10/13/20,38334.086,,0.0,16.73,0.0,40518.84
10/14/20,38273.777,,0.0,16.84,0.0,40370.83
10/15/20,38213.17,,0.0,16.69,0.0,40223.67
10/16/20,38152.277,,0.0,16.82,0.0,40077.492
10/17/20,38091.09,,0.0,16.41,0.0,39932.406
10/18/20,38029.617,,0.0,16.15,0.0,39788.523
10/19/20,37967.867,,0.0,15.84,0.0,39645.973
10/20/20,37905.793,,0.0,15.81,0.0,39504.332
10/21/20,35888.613,,0.0,15.52,0.0,39362.582
10/22/20,37780.03,,0.0,15.68,0.0,39220.81
10/23/20,37499.043,,0.0,15.59,0.0,39079.133
10/24/20,35820.82,,0.0,14.88,0.0,38937.68
10/25/20,36336.99,,0.0,15.02,0.0,38796.566
10/26/20,35222.15,,0.0,15.03,0.0,38655.92
10/27/20,34512.87,,0.0,14.73,0.0,38515.88
10/28/20,33571.72,,0.0,14.85,0.0,38376.57
10/29/20,33296.793,,0.0,14.58,0.0,38238.13
10/30/20,33020.64,,0.0,14.36,0.0,38100.684
10/31/20,33056.617,,0.0,13.92,0.0,37964.387
11/01/20,32464.53,,0.0,13.89,0.0,37829.367
11/02/20,32400.0,,0.0,13.61,0.0,37695.777
11/03/20,32400.0,,0.0,13.54,0.0,37563.76
11/04/20,32400.0,,0.0,12.93,0.0,37433.473
11/05/20,32400.0,,0.0,12.98,0.0,37305.062
11/06/20,32400.0,,1.4,13.06,1.0,37178.684
11/07/20,32400.0,,7.8999996,12.7,2.0,37054.496
11/08/20,32400.0,,0.0,13.0,0.0,36932.664
11/09/20,32400.0,,0.0,12.5,0.0,36812.78
11/10/20,32400.0,,0.0,12.47,0.0,36693.805
11/11/20,15296.752,,0.0,9.95,0.0,36575.812
11/12/20,32400.0,,0.0,12.21,0.0,36458.957
11/13/20,10800.0,,0.4,5.4,1.0,36343.367
11/14/20,24475.523,,0.0,10.95,0.0,36229.184
11/15/20,28800.0,,0.0,10.34,0.0,36116.555
11/16/20,32400.0,,0.0,10.75,0.0,36005.62
11/17/20,14400.0,,0.4,6.23,1.0,35896.53
11/18/20,25184.602,,12.299999,8.76,4.0,35789.438
11/19/20,32317.297,,0.0,11.35,0.0,35684.492
11/20/20,32250.424,,0.0,11.46,0.0,35581.85
11/21/20,32184.086,,0.0,11.65,0.0,35481.668
11/22/20,31001.182,,0.0,11.2,0.0,35384.105
11/23/20,32053.453,,0.0,10.86,0.0,35289.324
11/24/20,31989.377,,0.0,10.99,0.0,35197.49
11/25/20,31926.277,,0.0,10.97,0.0,35108.77
11/26/20,31864.258,,0.0,11.07,0.0,35023.32
11/27/20,31073.355,,0.0,10.84,0.0,34941.32
11/28/20,31743.924,,0.0,10.86,0.0,34862.93
11/29/20,31685.52,,0.0,10.61,0.0,34787.89
11/30/20,31627.336,,0.0,10.65,0.0,34715.414
12/01/20,31569.426,,0.0,10.5,0.0,34645.555
12/02/20,31511.906,,0.0,10.33,0.0,34578.402
12/03/20,25399.379,,0.0,9.89,0.0,34514.047
12/04/20,31398.562,,0.0,10.03,0.0,34452.582
12/05/20,20542.994,,0.0,8.94,0.0,34394.098
12/06/20,31288.328,,0.0,10.03,0.0,34338.68
12/07/20,31234.697,,0.0,10.12,0.0,34286.43
12/08/20,31182.219,,0.0,10.44,0.0,34237.42
12/09/20,25399.088,,0.0,9.18,0.0,34191.758
12/10/20,30101.555,,0.0,10.11,0.0,34149.523
12/11/20,4651.6255,,0.8,3.25,2.0,34110.805
12/12/20,10800.0,,0.8,6.27,2.0,34075.69
12/13/20,3600.0,,6.9,2.38,4.0,34044.27
12/14/20,30198.21,,0.0,9.82,0.0,34016.62
12/15/20,27257.906,,0.0,8.94,0.0,33992.832
12/16/20,10620.152,,0.0,6.75,0.0,33972.984
12/17/20,25269.355,,0.7,9.01,1.0,33957.156
12/18/20,30748.8,,0.0,9.89,0.0,33945.43
12/19/20,30717.035,,0.0,9.6,0.0,33937.8
12/20/20,28800.0,,0.0,9.82,0.0,33934.133
12/21/20,21094.79,,0.0,8.06,0.0,33934.37
12/22/20,25200.0,,0.0,9.8,0.0,33938.484
12/23/20,30604.623,,0.0,10.35,0.0,33946.438
12/24/20,25200.0,,0.0,9.22,0.0,33958.176
12/25/20,7034.083,,0.0,5.68,0.0,33973.67
12/26/20,26937.336,,0.0,9.39,0.0,33992.867
12/27/20,28985.625,,0.0,9.92,0.0,34015.723
12/28/20,18000.0,,0.0,8.29,0.0,34042.184
12/29/20,30486.625,,0.0,10.64,0.0,34072.207
12/30/20,25001.922,,0.0,8.88,0.0,34105.74
12/31/20,30462.867,,0.0,10.09,0.0,34142.723
01/01/21,20748.838,,0.0,7.86,0.0,34183.11
01/02/21,0.0,,1.4,3.96,2.0,34226.84
01/03/21,29074.324,,0.0,9.03,0.0,34273.863
01/04/21,18000.0,,2.0,8.2,5.0,34324.12
01/05/21,25200.0,,0.0,9.01,0.0,34377.555
01/06/21,4502.396,,0.4,6.42,1.0,34434.105
01/07/21,17161.719,,0.0,9.12,0.0,34493.71
01/08/21,14663.534,,1.5,5.79,3.0,34556.656
01/09/21,30468.975,,0.0,10.56,0.0,34623.508
01/10/21,16666.438,,0.0,6.98,0.0,34694.152
01/11/21,28800.0,,0.0,10.7,0.0,34768.42
01/12/21,12674.5,,0.0,6.29,0.0,34846.168
01/13/21,25434.363,,0.0,9.15,0.0,34927.234
01/14/21,30552.328,,0.0,11.21,0.0,35011.473
01/15/21,23679.889,,0.0,10.45,0.0,35098.734
01/16/21,31029.512,,0.0,11.12,0.0,35188.86
01/17/21,31526.639,,0.0,11.55,0.0,35281.7
01/18/21,32780.914,,0.0,12.16,0.0,35377.117
01/19/21,33200.77,,0.0,12.14,0.0,35474.965
01/20/21,33105.67,,0.0,12.13,0.0,35575.086
01/21/21,22212.691,,0.0,10.46,0.0,35677.35
01/22/21,22371.87,,0.0,9.03,0.0,35781.62
01/23/21,34426.91,,0.0,11.88,0.0,35887.758
01/24/21,0.0,,0.4,5.5,1.0,35995.617
01/25/21,28800.0,,0.0,12.66,0.0,36105.07
01/26/21,20150.982,,9.4,9.73,5.0,36215.99
01/27/21,9601.508,,23.8,6.49,9.0,36328.242
01/28/21,3600.0,,8.2,6.44,5.0,36442.25
01/29/21,15850.358,,0.0,8.13,0.0,36559.023
01/30/21,34742.094,,0.0,12.54,0.0,36678.418
01/31/21,12156.161,,0.0,10.12,0.0,36800.27
02/01/21,32400.0,,0.4,12.99,1.0,36924.406
02/02/21,31307.076,,0.0,11.65,0.0,37050.66
02/03/21,18504.871,,0.0,8.01,0.0,37178.87
02/04/21,35026.105,,0.0,13.89,0.0,37308.87
02/05/21,35088.043,,0.0,14.26,0.0,37440.51
02/06/21,35151.477,,0.0,14.35,0.0,37573.64
02/07/21,35216.305,,0.0,14.59,0.0,37708.094
02/08/21,13853.21,,0.0,10.79,0.0,37843.734
02/09/21,27525.531,,0.0,12.44,0.0,37980.41
02/10/21,35418.305,,0.0,14.3,0.0,38117.98
02/11/21,0.0,,6.8,6.57,3.0,38256.31
02/12/21,28800.0,,0.0,14.48,0.0,38395.246
02/13/21,35629.766,,1.1,14.79,1.0,38534.668
02/14/21,2742.2334,,0.0,3.05,0.0,38674.44
02/15/21,35774.883,,0.0,14.18,0.0,38814.434
02/16/21,35848.445,,0.0,15.31,0.0,38954.51
02/17/21,35922.867,,0.0,16.26,0.0,39095.12
02/18/21,28799.02,,0.0,14.79,0.0,39237.336
02/19/21,20142.402,,1.1,10.98,2.0,39381.06
02/20/21,36000.0,,0.0,16.38,0.0,39526.16
02/21/21,36000.0,,0.0,16.2,0.0,39672.504
02/22/21,36000.0,,0.0,16.54,0.0,39819.957
02/23/21,36000.0,,0.0,17.61,0.0,39968.39
02/24/21,36000.0,,0.0,17.81,0.0,40117.69
02/25/21,32400.0,,0.0,16.79,0.0,40267.727
02/26/21,36000.0,,0.0,17.62,0.0,40418.383
02/27/21,36000.0,,0.0,17.83,0.0,40569.53
02/28/21,36000.0,,0.0,17.93,0.0,40721.066
03/01/21,36000.0,,0.0,17.81,0.0,40872.86
03/02/21,36000.0,,0.0,18.35,0.0,41024.805
03/03/21,36000.0,,0.0,17.97,0.0,41176.78
03/04/21,36000.0,,0.0,18.51,0.0,41328.684
03/05/21,36257.516,,0.0,18.39,0.0,41480.395
03/06/21,36211.88,,0.4,18.82,1.0,41631.816
03/07/21,36464.125,,0.0,18.92,0.0,41782.82
03/08/21,21938.906,,0.0,14.4,0.0,41933.31
03/09/21,10688.814,,5.0,10.85,5.0,42083.688
03/10/21,11195.881,,1.2,10.24,3.0,42234.953
03/11/21,36000.0,,0.0,20.02,0.0,42387.043
03/12/21,38658.98,,0.0,20.82,0.0,42539.85
03/13/21,38007.41,,0.0,20.41,0.0,42693.277
03/14/21,7200.0,,0.0,10.74,0.0,42847.207
03/15/21,28592.795,,0.0,15.43,0.0,43001.562
03/16/21,38579.37,,0.0,20.42,0.0,43156.23
03/17/21,29325.992,,0.0,17.99,0.0,43311.113
03/18/21,0.0,,2.5,5.96,3.0,43466.113
03/19/21,21861.83,,0.4,13.6,1.0,43621.125
03/20/21,41461.906,,0.0,22.0,0.0,43776.062
03/21/21,41836.62,,0.0,22.26,0.0,43930.812
03/22/21,38049.168,1.75,0.0,20.06,0.0,44085.285
03/23/21,42551.805,6.25,0.0,22.82,0.0,44239.375
03/24/21,42014.082,6.05,0.0,22.37,0.0,44392.984
03/25/21,42741.22,6.15,0.0,22.57,0.0,44546.01
03/26/21,42835.094,6.6,0.0,23.3,0.0,44698.35
03/27/21,42928.26,6.6,0.0,23.37,0.0,44849.906
03/28/21,40408.92,6.55,0.0,22.82,0.0,45000.562
03/29/21,43112.344,6.6,0.0,23.99,0.0,45150.71
03/30/21,43200.0,6.75,0.0,24.36,0.0,45301.28
03/31/21,43200.0,6.7,0.0,24.13,0.0,45452.203
04/01/21,43200.0,6.75,0.0,24.15,0.0,45603.4
04/02/21,39600.0,6.25,0.0,24.52,0.0,45754.766
04/03/21,28754.416,6.05,0.0,22.31,0.0,45906.207
04/04/21,43200.0,6.8,0.0,23.16,0.0,46057.63
04/05/21,39600.0,6.85,0.0,23.55,0.0,46208.94
04/06/21,43200.0,7.0,0.0,24.63,0.0,46360.043
04/07/21,39600.0,7.0,0.0,24.18,0.0,46510.83
04/08/21,43200.0,6.95,0.0,25.29,0.0,46661.203
04/09/21,43200.0,7.05,0.0,24.85,0.0,46811.07
04/10/21,43200.0,7.1,0.0,25.36,0.0,46960.324
04/11/21,43200.0,6.9,0.0,26.1,0.0,47108.85
04/12/21,43200.0,7.1,0.0,26.18,0.0,47256.56
04/13/21,43200.0,7.1,0.0,26.52,0.0,47403.324
04/14/21,43416.367,7.0,0.0,26.37,0.0,47549.047
04/15/21,43374.516,7.15,0.0,26.37,0.0,47693.61
04/16/21,43200.0,7.35,0.0,26.36,0.0,47836.9
04/17/21,43595.03,7.4,0.0,27.05,0.0,47978.797
04/18/21,44160.97,7.45,0.0,27.31,0.0,48119.656
04/19/21,44122.816,7.35,0.0,26.64,0.0,48260.37
04/20/21,36884.9,7.35,0.0,25.66,0.0,48400.883
04/21/21,45154.984,7.3,0.0,27.59,0.0,48541.082
04/22/21,44314.684,7.4,0.0,26.73,0.0,48680.875
04/23/21,36773.14,7.3,0.0,24.67,0.0,48820.145
04/24/21,32038.248,7.4,0.0,24.42,0.0,48958.797
04/25/21,15809.211,4.65,0.4,13.04,1.0,49096.72
04/26/21,41952.242,7.25,0.0,25.8,0.0,49233.793
04/27/21,45629.297,7.55,0.0,28.47,0.0,49369.92
04/28/21,45705.367,7.7,0.0,28.41,0.0,49504.977
04/29/21,45780.375,7.55,0.0,27.98,0.0,49638.848
04/30/21,42623.07,6.45,0.0,27.59,0.0,49771.41
05/01/21,43200.0,7.7,0.0,27.87,0.0,49902.54
05/02/21,45998.12,7.75,0.0,28.68,0.0,50032.117
05/03/21,46068.0,7.8,0.0,28.76,0.0,50160.008
05/04/21,46136.375,7.85,0.0,28.41,0.0,50286.086
05/05/21,46203.156,7.85,0.0,28.58,0.0,50410.223
05/06/21,46268.26,7.85,0.0,29.04,0.0,50532.273
05/07/21,46331.586,7.7,0.0,29.31,0.0,50652.105
05/08/21,46393.18,7.9,0.0,29.74,0.0,50770.02
05/09/21,46453.523,7.85,0.0,29.21,0.0,50886.84
05/10/21,46512.656,7.9,0.0,30.31,0.0,51002.484
05/11/21,46570.543,7.9,0.0,29.71,0.0,51116.855
05/12/21,46627.15,7.95,0.0,29.5,0.0,51229.84
05/13/21,46682.43,7.95,0.0,29.6,0.0,51341.332
05/14/21,43201.676,7.95,0.0,29.15,0.0,51451.215
05/15/21,36000.0,7.75,0.0,27.46,0.0,51559.383
05/16/21,46800.0,7.9,0.0,29.04,0.0,51665.707
05/17/21,46827.117,8.0,0.0,29.14,0.0,51770.082
05/18/21,47240.953,7.95,0.0,29.78,0.0,51872.38
05/19/21,47200.22,7.9,0.0,30.37,0.0,51972.484
05/20/21,43200.0,7.65,0.0,30.79,0.0,52070.266
05/21/21,47762.477,7.6,0.0,30.86,0.0,52165.6
05/22/21,47142.188,7.75,0.0,29.21,0.0,52258.367
05/23/21,47674.68,8.0,0.0,30.27,0.0,52348.438
05/24/21,44844.797,7.45,0.0,29.27,0.0,52435.676
05/25/21,48594.51,7.95,0.0,30.93,0.0,52519.96
05/26/21,49135.266,8.05,0.0,31.17,0.0,52601.15
05/27/21,48885.906,8.1,0.0,30.68,0.0,52679.12
05/28/21,48835.75,7.95,0.0,30.08,0.0,52754.05
05/29/21,49166.164,8.05,0.0,30.31,0.0,52826.51
05/30/21,49676.16,8.15,0.0,30.88,0.0,52896.465
05/31/21,49989.97,8.2,0.0,30.89,0.0,52963.83
06/01/21,49749.46,8.2,0.0,30.39,0.0,53028.53
06/02/21,50400.0,8.25,0.0,30.94,0.0,53090.51
06/03/21,50400.0,8.3,0.0,30.91,0.0,53149.69
06/04/21,50400.0,8.25,0.0,30.81,0.0,53206.008
06/05/21,50400.0,7.9,0.0,30.99,0.0,53259.387
06/06/21,50400.0,8.25,0.0,31.41,0.0,53309.76
06/07/21,50400.0,8.3,0.0,31.49,0.0,53357.062
06/08/21,50400.0,8.15,0.0,31.72,0.0,53401.22
06/09/21,43200.0,7.95,0.0,28.7,0.0,53442.164
06/10/21,50400.0,8.15,0.0,31.76,0.0,53479.83
06/11/21,50400.0,7.95,0.0,30.51,0.0,53514.152
06/12/21,47640.703,8.35,0.0,30.3,0.0,53545.07
06/13/21,50400.0,8.3,0.0,31.01,0.0,53572.516
06/14/21,50400.0,8.25,0.0,30.45,0.0,53596.426
06/15/21,50400.0,8.2,0.0,32.13,0.0,53616.746
06/16/21,46800.0,8.35,0.0,32.13,0.0,53633.406
06/17/21,50400.0,8.35,0.0,32.07,0.0,53646.41
06/18/21,50400.0,8.35,0.0,31.22,0.0,53655.863
06/19/21,50254.938,8.35,0.0,31.25,0.0,53661.785
06/20/21,50400.0,8.4,0.0,31.57,0.0,53664.2
06/21/21,50400.0,8.3,0.0,31.6,0.0,53663.133
06/22/21,50400.0,8.3,0.0,31.22,0.0,53658.61
06/23/21,50400.0,8.25,0.0,31.08,0.0,53650.66
06/24/21,50400.0,8.25,0.0,30.87,0.0,53639.31
06/25/21,50399.117,8.25,0.0,30.48,0.0,53624.594
06/26/21,50400.0,8.35,0.0,31.0,0.0,53606.547
06/27/21,50400.0,8.35,0.0,30.5,0.0,53585.2
06/28/21,50400.0,8.35,0.0,30.95,0.0,53560.59
06/29/21,50400.0,8.35,0.0,30.99,0.0,53532.754
06/30/21,50400.0,8.3,0.0,30.66,0.0,53501.73
07/01/21,50400.0,8.3,0.0,30.68,0.0,53467.555
07/02/21,50400.0,8.2,0.0,30.92,0.0,53430.27
07/03/21,48833.355,8.35,0.0,30.16,0.0,53389.918
07/04/21,50400.0,8.3,0.0,30.78,0.0,53346.535
07/05/21,50400.0,8.3,0.0,31.18,0.0,53300.18
07/06/21,50400.0,8.35,0.0,30.79,0.0,53250.875
07/07/21,50400.0,8.3,0.0,31.69,0.0,53198.45
07/08/21,50400.0,8.3,0.0,31.59,0.0,53142.484
07/09/21,50400.0,8.3,0.0,30.41,0.0,53083.082
07/10/21,50400.0,8.3,0.0,30.29,0.0,53020.36
07/11/21,50400.0,8.25,0.0,30.97,0.0,52954.418
07/12/21,50400.0,8.25,0.0,30.9,0.0,52885.38
07/13/21,50400.0,8.25,0.0,30.49,0.0,52813.355
07/14/21,50400.0,8.25,0.0,31.05,0.0,52738.46
07/15/21,50376.21,8.25,0.0,30.39,0.0,52660.805
07/16/21,50331.086,8.2,0.0,30.97,0.0,52580.496
07/17/21,50285.145,8.2,0.0,30.7,0.0,52497.656
07/18/21,50238.48,8.2,0.0,30.13,0.0,52412.39
07/19/21,42991.168,8.15,0.0,25.79,0.0,52324.81
07/20/21,50143.305,8.15,0.0,30.35,0.0,52235.016
07/21/21,50094.965,8.2,0.0,30.43,0.0,52143.117
07/22/21,50046.24,8.15,0.0,30.73,0.0,52049.223
07/23/21,49997.21,8.1,0.0,30.02,0.0,51953.438
07/24/21,47806.93,8.15,0.0,29.26,0.0,51855.86
07/25/21,46133.58,8.1,0.0,28.52,0.0,51756.594
07/26/21,36228.934,7.5,0.0,25.87,0.0,51655.746
07/27/21,42483.95,8.0,0.0,26.31,0.0,51553.0
07/28/21,48829.445,8.0,0.0,28.67,0.0,51447.617
07/29/21,49056.234,8.05,0.0,28.59,0.0,51339.73
07/30/21,45090.023,8.05,0.0,27.59,0.0,51229.457
07/31/21,47490.277,7.6,0.0,28.53,0.0,51116.945
08/01/21,47927.06,8.05,0.0,28.91,0.0,51002.324
08/02/21,47957.395,7.55,0.0,29.59,0.0,50885.74
08/03/21,44257.82,8.05,0.0,29.55,0.0,50767.3
08/04/21,48036.582,8.1,0.0,29.33,0.0,50647.152
08/05/21,45729.473,7.85,0.0,28.87,0.0,50525.414
08/06/21,23568.625,7.9,0.0,18.19,0.0,50402.207
08/07/21,35490.254,7.95,0.0,21.31,0.0,50277.656
08/08/21,43200.0,7.9,0.0,26.1,0.0,50151.88
08/09/21,43599.39,7.85,0.0,26.47,0.0,50024.996
08/10/21,45458.598,7.75,0.0,26.96,0.0,49897.113
08/11/21,43647.402,7.85,0.0,26.13,0.0,49768.344
08/12/21,33287.16,7.6,0.0,20.58,0.0,49638.8
08/13/21,31610.055,7.8,0.0,21.94,0.0,49508.59
08/14/21,41099.367,7.5,0.0,24.24,0.0,49377.816
08/15/21,39248.48,7.8,0.0,22.88,0.0,49246.586
08/16/21,43200.0,7.8,0.0,24.82,0.0,49114.543
08/17/21,31916.408,7.7,0.0,21.28,0.0,48980.855
08/18/21,35634.637,7.55,0.0,22.38,0.0,48845.598
08/19/21,34094.793,7.6,0.0,22.94,0.0,48708.906
08/20/21,33851.184,7.6,0.0,21.07,0.0,48570.89
08/21/21,30826.822,7.5,0.0,20.99,0.0,48431.66
08/22/21,43200.0,7.5,0.0,25.13,0.0,48291.332
08/23/21,43200.0,7.45,0.0,25.7,0.0,48150.016
08/24/21,43200.0,7.4,0.0,25.6,0.0,48007.824
08/25/21,43200.0,7.25,0.0,25.48,0.0,47864.855
08/26/21,42628.395,7.35,0.0,25.05,0.0,47721.215
08/27/21,40381.797,7.4,0.0,23.14,0.0,47577.008
08/28/21,39989.62,7.3,0.0,22.72,0.0,47432.33
08/29/21,41218.836,7.3,0.0,23.27,0.0,47287.28
08/30/21,43200.0,7.25,0.0,23.66,0.0,47141.957
08/31/21,43133.945,7.25,0.0,23.34,0.0,46996.46
09/01/21,43200.0,7.15,0.0,24.83,0.0,46850.875
09/02/21,43200.0,7.05,0.0,24.68,0.0,46705.293
09/03/21,43200.0,7.0,0.0,24.54,0.0,46559.816
09/04/21,43200.0,7.05,0.0,24.39,0.0,46414.53
09/05/21,43200.0,7.05,0.0,23.88,0.0,46269.07
09/06/21,42882.375,7.0,0.0,23.63,0.0,46122.574
09/07/21,43200.0,7.0,0.0,23.4,0.0,45975.125
09/08/21,39647.83,6.95,0.0,20.64,0.0,45826.816
09/09/21,21600.0,6.9,0.0,18.81,0.0,45677.742
09/10/21,41905.72,6.75,0.0,22.49,0.0,45528.01
09/11/21,42409.055,6.8,0.0,22.87,0.0,45377.703
09/12/21,36678.555,6.75,0.0,21.91,0.0,45226.92
09/13/21,39774.4,6.65,0.0,22.04,0.0,45075.76
09/14/21,39600.0,6.65,0.0,22.1,0.0,44924.312
09/15/21,39600.0,6.6,0.0,21.93,0.0,44772.664
09/16/21,39600.0,6.5,0.0,21.36,0.0,44620.914
09/17/21,39600.0,6.45,0.0,21.62,0.0,44469.145
09/18/21,39600.0,6.4,0.0,20.92,0.0,44317.453
09/19/21,39600.0,6.3,0.0,21.31,0.0,44165.926
09/20/21,39600.0,6.35,0.0,21.71,0.0,44014.645
09/21/21,39600.0,6.25,0.0,20.2,0.0,43863.71
09/22/21,39547.344,5.8,0.0,20.26,0.0,43713.21
09/23/21,39492.664,6.15,0.0,20.71,0.0,43563.227
09/24/21,39437.79,6.15,0.0,19.76,0.0,43413.855
09/25/21,37870.953,6.1,0.0,19.16,0.0,43264.715
09/26/21,39327.418,6.05,0.0,20.35,0.0,43114.9
09/27/21,39271.914,5.95,0.0,19.38,0.0,42964.473
09/28/21,39216.195,5.75,0.0,20.3,0.0,42813.547
09/29/21,39160.246,5.85,0.0,19.97,0.0,42662.207
09/30/21,39104.062,5.85,0.0,19.86,0.0,42510.555
10/01/21,36000.0,5.75,0.0,19.03,0.0,42358.7
10/02/21,38990.97,5.7,0.0,18.99,0.0,42206.723
10/03/21,35261.777,5.7,0.0,16.24,0.0,42054.742
10/04/21,38876.844,5.55,0.0,18.31,0.0,41902.84
10/05/21,38819.383,4.65,0.0,18.13,0.0,41751.13
10/06/21,13561.647,4.25,0.0,12.86,0.0,41599.703
10/07/21,12608.118,4.6,0.0,13.48,0.0,41448.67
10/08/21,38645.33,5.3,0.0,17.75,0.0,41298.137
10/09/21,38586.74,5.3,0.0,17.61,0.0,41148.195
10/10/21,38527.85,5.25,0.0,17.57,0.0,40998.96
10/11/21,38468.67,5.0,0.0,18.06,0.0,40850.535
10/12/21,38409.195,5.2,0.0,17.94,0.0,40703.03
10/13/21,38349.414,5.1,0.0,16.59,0.0,40556.55
10/14/21,38289.336,5.1,0.0,17.29,0.0,40411.215
10/15/21,38066.312,5.1,0.0,16.91,0.0,40266.61
10/16/21,38168.023,5.05,0.0,16.57,0.0,40121.734
10/17/21,21630.457,4.55,0.4,13.23,1.0,39976.668
10/18/21,37609.227,4.85,0.0,15.97,0.0,39831.535
10/19/21,32560.518,4.55,0.0,15.65,0.0,39686.44
10/20/21,0.0,1.85,0.4,3.17,1.0,39541.516
10/21/21,19043.5,0.6,0.4,8.96,1.0,39396.86
10/22/21,34546.918,4.3,2.5,15.04,3.0,39252.617
10/23/21,7200.0,1.65,3.0,4.98,5.0,39108.895
10/24/21,0.0,0.7,96.0,3.98,24.0,38965.824
10/25/21,33120.676,4.35,4.4,14.83,3.0,38823.535
10/26/21,11890.816,1.95,0.0,7.45,0.0,38682.152
10/27/21,22106.244,4.45,0.0,10.93,0.0,38541.812
10/28/21,32941.5,4.45,0.0,14.17,0.0,38402.652
10/29/21,29064.992,4.3,0.0,13.26,0.0,38264.805
10/30/21,28800.0,4.25,0.0,13.1,0.0,38128.41
10/31/21,21600.0,4.05,0.0,10.46,0.0,37993.61
11/01/21,0.0,1.1,3.3000002,3.16,2.0,37860.555
11/02/21,25200.0,4.15,0.0,11.34,0.0,37729.39
11/03/21,32400.0,4.1,0.0,12.69,0.0,37600.27
11/04/21,28800.0,3.95,0.0,12.72,0.0,37472.777
11/05/21,17209.602,2.85,0.0,11.17,0.0,37345.848
11/06/21,0.0,2.0,0.4,4.1,1.0,37219.58
11/07/21,32400.0,3.85,0.0,13.13,0.0,37094.11
11/08/21,28800.0,3.75,2.6000001,11.95,2.0,36969.57
11/09/21,14400.0,2.9,2.8,6.73,4.0,36846.1
11/10/21,17747.967,3.75,0.0,7.92,0.0,36723.848
11/11/21,32400.0,3.75,0.0,11.93,0.0,36602.953
11/12/21,31502.236,3.7,0.0,9.68,0.0,36483.57
11/13/21,24734.1,3.65,0.0,10.3,0.0,36365.84
11/14/21,9103.757,3.45,0.0,6.08,0.0,36249.926
11/15/21,0.0,2.75,0.0,4.53,0.0,36135.977
11/16/21,22521.006,3.5,0.0,10.65,0.0,36024.152
11/17/21,31073.555,3.25,0.0,11.18,0.0,35914.617
11/18/21,0.0,2.05,0.0,6.23,0.0,35807.53
11/19/21,4907.799,2.85,0.0,4.35,0.0,35703.06
11/20/21,32266.266,3.3,0.0,11.58,0.0,35601.375
11/21/21,32201.54,3.4,0.0,11.52,0.0,35502.645
11/22/21,32137.688,3.35,0.0,11.42,0.0,35407.043
11/23/21,22005.027,3.25,0.0,9.41,0.0,35314.75
11/24/21,32012.693,3.25,0.0,11.28,0.0,35225.44
11/25/21,27923.117,3.2,0.0,10.66,0.0,35138.22
11/26/21,30765.027,3.2,0.0,10.57,0.0,35053.164
11/27/21,31826.371,3.15,0.0,10.26,0.0,34970.387
11/28/21,31764.607,3.2,0.0,10.06,0.0,34889.99
11/29/21,31703.227,3.15,0.0,10.31,0.0,34812.1
11/30/21,31642.36,3.1,0.0,10.5,0.0,34736.824
12/01/21,31582.133,3.1,0.0,10.34,0.0,34664.273
12/02/21,29858.984,3.1,0.0,10.12,0.0,34594.574
12/03/21,31464.105,3.05,0.0,9.95,0.0,34527.836
12/04/21,19538.445,3.05,0.0,7.59,0.0,34464.176
12/05/21,25679.238,3.05,0.0,8.3,0.0,34403.71
12/06/21,0.0,1.3,2.1,2.69,2.0,34346.56
12/07/21,31241.39,2.9,0.0,9.61,0.0,34292.836
12/08/21,3600.0,1.4,0.0,2.88,0.0,34242.652
12/09/21,31138.766,2.8,2.8,9.93,2.0,34196.133
12/10/21,31090.086,2.85,0.0,10.03,0.0,34153.395
12/11/21,13722.772,2.25,0.0,7.62,0.0,34114.535
12/12/21,10800.0,0.4,11.2,5.37,10.0,34079.688
12/13/21,420.2781,0.9,36.800007,3.62,15.0,34048.957
12/14/21,30915.598,2.5,0.4,9.54,1.0,34022.266
12/15/21,3600.0,1.7,15.5,2.98,6.0,33999.266
12/16/21,16437.934,2.7,0.0,6.83,0.0,33979.957
12/17/21,30800.896,2.8,0.0,9.98,0.0,33964.336
12/18/21,11259.94,2.75,0.0,5.83,0.0,33952.395
12/19/21,0.0,1.6,0.0,3.33,0.0,33944.14
12/20/21,6364.301,2.45,0.0,4.18,0.0,33939.555
12/21/21,0.0,2.4,11.9,3.61,5.0,33938.64
12/22/21,0.0,0.6,4.7,1.78,7.0,33941.39
12/23/21,10800.0,1.95,7.8999996,6.78,3.0,33947.785
12/24/21,30583.703,2.8,0.7,9.88,1.0,33957.816
12/25/21,13163.26,2.75,28.100002,5.89,6.0,33971.473
12/26/21,10465.516,1.9,0.2,5.98,2.0,33988.74
12/27/21,28800.0,2.7,0.0,9.94,0.0,34009.598
12/28/21,0.0,2.6,1.5,2.96,2.0,34034.027
12/29/21,0.0,0.25,8.0,2.2,9.0,34062.008
12/30/21,15745.713,2.7,0.0,8.87,0.0,34093.523
12/31/21,30461.52,2.9,0.0,10.14,0.0,34128.54
01/01/22,30453.5,2.9,0.0,10.39,0.0,34167.04
01/02/22,30448.078,2.85,0.0,9.33,0.0,34208.996
01/03/22,7200.0,1.1,1.6,6.02,4.0,34254.617
01/04/22,10800.0,2.1,0.0,5.63,0.0,34304.31
01/05/22,839.5008,2.5,0.0,4.93,0.0,34357.96
01/06/22,0.0,3.05,0.0,3.65,0.0,34415.445
01/07/22,18000.0,2.7,0.0,8.08,0.0,34476.625
01/08/22,28800.0,3.0,0.0,10.09,0.0,34541.367
01/09/22,30471.512,3.1,0.0,10.56,0.0,34609.53
01/10/22,30483.041,3.1,0.0,10.38,0.0,34681.0
01/11/22,26732.242,2.85,0.0,9.85,0.0,34755.63
01/12/22,28963.611,3.25,0.0,10.94,0.0,34833.293
01/13/22,25691.818,2.85,0.0,10.86,0.0,34913.855
01/14/22,30549.232,3.25,0.0,11.57,0.0,34997.19
01/15/22,31665.008,3.2,0.0,11.62,0.0,35083.17
01/16/22,23527.139,3.2,0.0,10.76,0.0,35171.66
01/17/22,30992.223,3.25,0.0,11.22,0.0,35262.535
01/18/22,31743.691,3.0,0.0,11.38,0.0,35355.67
01/19/22,31942.676,3.3,0.0,11.52,0.0,35450.95
01/20/22,32877.652,3.35,0.0,11.57,0.0,35548.234
01/21/22,31111.066,3.0,0.0,12.15,0.0,35647.42
01/22/22,34376.38,3.4,0.0,12.18,0.0,35748.38
01/23/22,34413.65,3.45,0.0,12.3,0.0,35851.504
01/24/22,34453.227,3.5,0.0,12.4,0.0,35957.742
01/25/22,34495.043,3.55,0.0,12.89,0.0,36066.94
01/26/22,34539.004,3.6,0.0,12.58,0.0,36178.92
01/27/22,34585.03,3.6,0.0,13.0,0.0,36293.527
01/28/22,34028.305,3.45,0.0,13.17,0.0,36410.57
01/29/22,34682.91,3.7,0.0,13.16,0.0,36529.883
01/30/22,34654.09,3.75,0.0,12.95,0.0,36651.312
01/31/22,34788.0,3.65,0.0,13.31,0.0,36774.68
02/01/22,34843.035,3.8,0.0,14.04,0.0,36899.84
02/02/22,34899.63,3.9,0.0,13.65,0.0,37026.63
02/03/22,31357.703,3.45,0.0,12.87,0.0,37154.895
02/04/22,35017.18,3.95,0.0,13.89,0.0,37284.484
02/05/22,34571.203,3.95,0.0,14.25,0.0,37415.246
02/06/22,35140.04,4.2,0.0,14.42,0.0,37547.04
02/07/22,35203.27,4.15,0.0,14.41,0.0,37679.727
02/08/22,35267.61,4.1,0.0,14.57,0.0,37813.164
02/09/22,35332.992,3.95,0.0,14.67,0.0,37947.207
02/10/22,35399.34,4.3,0.0,14.71,0.0,38081.727
02/11/22,35466.594,4.35,0.0,14.82,0.0,38216.594
02/12/22,35534.953,4.3,0.0,14.99,0.0,38352.25
02/13/22,35605.195,4.4,0.0,15.05,0.0,38489.777
02/14/22,28477.271,4.5,0.0,14.37,0.0,38629.062
02/15/22,35751.066,4.45,0.0,15.82,0.0,38769.97
02/16/22,35826.46,4.65,0.0,15.64,0.0,38912.348
02/17/22,35903.348,4.7,0.0,16.11,0.0,39056.062
02/18/22,35981.6,4.7,0.0,15.91,0.0,39200.97
02/19/22,36000.0,4.75,0.0,16.06,0.0,39346.94
02/20/22,30281.51,4.0,0.0,15.22,0.0,39493.844
02/21/22,31942.736,4.65,0.0,15.51,0.0,39641.547
02/22/22,25166.44,4.65,0.0,13.55,0.0,39789.914
02/23/22,36000.0,4.75,0.0,17.66,0.0,39938.836
02/24/22,36000.0,4.85,0.0,17.28,0.0,40088.176
02/25/22,36000.0,4.95,0.0,17.8,0.0,40237.812
02/26/22,25200.0,4.2,0.0,15.4,0.0,40387.633
02/27/22,36000.0,5.05,0.0,17.31,0.0,40537.51
02/28/22,36000.0,5.2,0.0,17.28,0.0,40687.336
03/01/22,31975.016,4.6,0.0,16.25,0.0,40836.99
03/02/22,36000.0,4.4,0.0,17.59,0.0,40986.35
03/03/22,0.0,3.35,0.0,9.3,0.0,41135.312
03/04/22,36000.0,5.25,0.0,18.49,0.0,41284.29
03/05/22,25971.404,4.75,0.0,15.45,0.0,41434.31
03/06/22,36227.336,5.3,0.0,19.29,0.0,41585.285
03/07/22,36479.33,5.3,0.0,19.59,0.0,41737.117
03/08/22,37027.945,5.45,0.0,19.36,0.0,41889.703
03/09/22,36980.418,5.45,0.0,18.88,0.0,42042.92
03/10/22,37877.734,5.6,0.0,20.79,0.0,42196.676
03/11/22,37897.164,5.65,0.0,20.36,0.0,42350.87
03/12/22,37887.79,5.75,0.0,20.53,0.0,42505.39
03/13/22,38002.28,5.7,0.0,20.29,0.0,42660.14
03/14/22,38076.9,5.85,0.0,20.17,0.0,42815.01
03/15/22,27507.43,5.15,0.7,17.71,1.0,42969.91
03/16/22,39209.38,5.9,0.0,21.18,0.0,43124.723
03/17/22,25200.0,5.95,0.0,18.7,0.0,43279.363
03/18/22,33373.03,5.2,0.0,19.61,0.0,43433.723
03/19/22,314.93112,3.8,2.2,6.78,3.0,43587.703
03/20/22,41082.918,6.05,0.0,22.04,0.0,43741.2
03/21/22,41464.766,6.3,0.0,21.22,0.0,43894.11
03/22/22,41834.656,6.4,0.0,21.6,0.0,44046.336
03/23/22,41831.35,6.45,0.0,21.5,0.0,44197.766
03/24/22,41299.406,5.6,0.0,21.3,0.0,44348.793
03/25/22,42710.78,6.45,0.0,22.31,0.0,44500.363
03/26/22,35361.805,6.35,0.0,22.1,0.0,44652.41
03/27/22,21871.709,5.45,3.4,19.16,2.0,44804.844
03/28/22,12157.059,3.05,7.2000003,9.78,4.0,44957.57
03/29/22,43086.344,6.6,0.0,22.83,0.0,45110.496
03/30/22,5370.296,4.5,0.0,9.6,0.0,45263.523
03/31/22,43200.0,6.35,0.0,23.86,0.0,45416.555
04/01/22,43200.0,6.7,0.0,24.17,0.0,45569.496
04/02/22,43200.0,6.6,0.0,24.09,0.0,45722.25
04/03/22,43200.0,6.15,0.0,25.04,0.0,45874.723
04/04/22,16124.77,6.1,0.0,16.6,0.0,46026.81
04/05/22,43200.0,6.95,0.0,24.83,0.0,46178.41
04/06/22,43200.0,7.0,0.0,25.17,0.0,46329.42
04/07/22,43200.0,7.0,0.0,25.02,0.0,46479.742
04/08/22,43200.0,6.55,0.0,24.29,0.0,46629.266
04/09/22,43200.0,7.05,0.0,26.41,0.0,46777.89
04/10/22,43200.0,6.6,0.0,25.06,0.0,46925.5
04/11/22,39600.0,6.9,0.0,25.37,0.0,47071.99
04/12/22,26565.07,6.8,0.0,19.3,0.0,47217.24
04/13/22,36000.0,7.0,0.0,22.93,0.0,47361.625
04/14/22,0.0,1.35,3.6,5.4,5.0,47506.035
04/15/22,39788.297,7.15,0.0,24.54,0.0,47650.42
04/16/22,29699.64,7.15,0.0,21.3,0.0,47794.68
04/17/22,43909.812,7.35,0.0,27.34,0.0,47938.707
04/18/22,40572.367,7.05,0.0,25.59,0.0,48082.41
04/19/22,36000.0,6.95,0.0,22.22,0.0,48225.676
04/20/22,34259.23,7.15,0.7,20.19,1.0,48368.406
04/21/22,23536.36,6.95,2.5,16.6,1.0,48510.5
04/22/22,44627.074,7.2,0.0,24.14,0.0,48651.84
04/23/22,45299.984,7.45,0.0,27.73,0.0,48792.31
04/24/22,45380.46,7.5,0.0,27.91,0.0,48931.81
04/25/22,40226.168,7.55,0.0,26.98,0.0,49070.21
04/26/22,39600.0,7.4,0.0,27.33,0.0,49207.406
04/27/22,44084.746,6.9,0.0,27.3,0.0,49343.27
04/28/22,45107.742,7.5,0.0,27.64,0.0,49477.68
04/29/22,43200.0,6.8,0.0,28.23,0.0,49610.508
04/30/22,43200.0,7.5,0.0,27.62,0.0,49741.63
05/01/22,45910.266,7.65,0.0,29.17,0.0,49870.914
05/02/22,44912.613,6.7,0.0,26.31,0.0,49998.227
05/03/22,46048.17,7.75,0.0,29.17,0.0,50123.887
05/04/22,46115.305,7.75,0.0,28.86,0.0,50248.746
05/05/22,12986.798,5.45,0.0,17.45,0.0,50372.734
05/06/22,42646.574,7.35,0.0,25.5,0.0,50495.74
05/07/22,46310.617,7.75,0.0,28.39,0.0,50617.656
05/08/22,45264.21,7.5,0.0,27.12,0.0,50738.375
05/09/22,25767.938,6.75,0.0,21.65,0.0,50857.78
05/10/22,30973.852,7.35,0.0,19.78,0.0,50975.754
05/11/22,39354.992,7.65,0.0,28.5,0.0,51092.195
05/12/22,46612.875,7.7,0.0,29.19,0.0,51206.957
05/13/22,46669.367,7.85,0.0,28.65,0.0,51319.938
05/14/22,46724.414,7.95,0.0,29.4,0.0,51431.004
05/15/22,46777.953,7.55,0.0,29.49,0.0,51540.03
05/16/22,46800.0,7.95,0.0,29.8,0.0,51646.9
05/17/22,46833.348,7.9,0.0,30.51,0.0,51751.46
05/18/22,47024.156,8.0,0.0,29.99,0.0,51853.598
05/19/22,46800.0,8.05,0.0,30.23,0.0,51953.17
05/20/22,48038.93,7.9,0.0,31.57,0.0,52050.055
05/21/22,47561.57,7.95,0.0,31.21,0.0,52144.09
05/22/22,47520.72,8.05,0.0,30.33,0.0,52235.152
05/23/22,48515.69,8.1,0.0,30.84,0.0,52323.465
05/24/22,48462.457,8.25,0.0,30.64,0.0,52409.684
05/25/22,48611.95,8.15,0.0,30.32,0.0,52493.742
05/26/22,46721.21,7.0,0.0,29.76,0.0,52575.566
05/27/22,44645.46,7.35,0.0,28.93,0.0,52655.062
05/28/22,42430.17,7.95,0.0,27.83,0.0,52732.15
05/29/22,49365.61,8.0,0.0,31.46,0.0,52806.727
05/30/22,49871.973,8.1,0.0,31.84,0.0,52878.72
05/31/22,50400.0,8.15,0.0,31.85,0.0,52948.03
06/01/22,49249.742,8.2,0.0,30.33,0.0,53014.58
06/02/22,46859.508,7.65,0.0,30.11,0.0,53078.26
06/03/22,38977.83,6.85,0.0,27.64,0.0,53139.004
06/04/22,10800.0,5.6,0.7,15.39,1.0,53196.71
06/05/22,25200.0,8.2,0.8,22.44,2.0,53251.3
06/06/22,50400.0,8.15,0.0,31.48,0.0,53302.668
06/07/22,50400.0,7.95,0.0,31.22,0.0,53350.74
06/08/22,46800.0,8.05,0.0,30.03,0.0,53395.418
06/09/22,50400.0,8.35,0.0,30.79,0.0,53436.63
06/10/22,50400.0,8.3,0.0,31.24,0.0,53474.273
06/11/22,50400.0,8.3,0.0,30.56,0.0,53508.277
06/12/22,46800.0,8.25,0.0,30.39,0.0,53538.68
06/13/22,50400.0,8.2,0.0,32.45,0.0,53565.73
06/14/22,50400.0,8.3,0.0,32.1,0.0,53589.42
06/15/22,50400.0,8.35,0.0,31.79,0.0,53609.758
06/16/22,46761.113,8.25,0.0,31.89,0.0,53626.734
06/17/22,39600.0,8.0,0.0,28.08,0.0,53640.344
06/18/22,50400.0,7.85,0.0,31.1,0.0,53650.59
06/19/22,50400.0,8.1,0.0,31.59,0.0,53657.473
06/20/22,43200.0,8.1,0.0,29.81,0.0,53661.0
06/21/22,50400.0,8.1,0.0,32.09,0.0,53661.176
06/22/22,50400.0,8.05,0.0,31.4,0.0,53658.0
06/23/22,50400.0,8.3,0.0,31.18,0.0,53651.484
06/24/22,50400.0,8.35,0.0,31.64,0.0,53641.64
06/25/22,50400.0,8.35,0.0,31.87,0.0,53628.473
06/26/22,50400.0,8.35,0.0,32.32,0.0,53611.996
06/27/22,50400.0,8.35,0.0,32.09,0.0,53592.23
06/28/22,50400.0,8.35,0.0,31.91,0.0,53569.184
06/29/22,50400.0,8.3,0.0,32.13,0.0,53542.87
06/30/22,50400.0,8.35,0.0,31.34,0.0,53513.32
07/01/22,50400.0,8.3,0.0,31.53,0.0,53480.535
07/02/22,50400.0,8.25,0.0,30.85,0.0,53444.387
07/03/22,43200.0,7.4,0.0,28.54,0.0,53404.582
07/04/22,46800.0,7.0,0.0,24.89,0.0,53361.2
07/05/22,43200.0,8.15,0.0,23.77,0.0,53314.344
07/06/22,50400.0,8.25,0.0,30.99,0.0,53264.098
07/07/22,50400.0,8.25,0.0,30.88,0.0,53210.57
07/08/22,50400.0,8.25,0.0,31.02,0.0,53153.848
07/09/22,50400.0,8.15,0.0,30.91,0.0,53094.035
07/10/22,50400.0,8.2,0.0,31.53,0.0,53031.227
07/11/22,50400.0,8.3,0.0,30.25,0.0,52965.516
07/12/22,50400.0,8.25,0.0,30.91,0.0,52897.008
07/13/22,50400.0,8.25,0.0,31.05,0.0,52825.797
07/14/22,50400.0,8.25,0.0,30.63,0.0,52751.977
07/15/22,50380.4,8.2,0.0,31.15,0.0,52675.645
07/16/22,50335.777,8.3,0.0,31.09,0.0,52596.902
07/17/22,50290.598,8.25,0.0,30.7,0.0,52515.836
07/18/22,50244.945,8.25,0.0,30.14,0.0,52432.547
07/19/22,50198.906,8.2,0.0,30.82,0.0,52347.125
07/20/22,50152.57,8.15,0.0,30.81,0.0,52259.66
07/21/22,50106.027,8.2,0.0,30.5,0.0,52170.246
07/22/22,50059.21,8.2,0.0,30.67,0.0,52078.61
07/23/22,50011.54,8.15,0.0,31.05,0.0,51984.06
07/24/22,49963.016,8.15,0.0,30.69,0.0,51886.723
07/25/22,46062.97,8.1,0.0,28.38,0.0,51786.73
07/26/22,36381.26,8.15,0.0,25.62,0.0,51684.23
07/27/22,44262.902,8.15,0.0,27.68,0.0,51579.344
07/28/22,47272.77,8.05,0.0,28.38,0.0,51472.21
07/29/22,47047.215,8.05,0.0,28.36,0.0,51362.965
07/30/22,34247.777,8.05,0.0,25.69,0.0,51251.73
07/31/22,31271.895,7.8,0.0,25.46,0.0,51138.64
08/01/22,18074.166,5.6,0.0,14.23,0.0,51023.816
08/02/22,46879.266,7.95,0.0,27.6,0.0,50907.383
08/03/22,41528.113,7.85,0.0,27.17,0.0,50789.457
08/04/22,46455.098,8.0,0.0,27.46,0.0,50670.164
08/05/22,41455.375,7.8,0.0,26.73,0.0,50549.613
08/06/22,45768.656,7.95,0.0,28.07,0.0,50427.918
08/07/22,45766.742,7.9,0.0,28.47,0.0,50305.2
08/08/22,45768.96,7.95,0.0,28.61,0.0,50181.555
08/09/22,45775.785,7.85,0.0,28.47,0.0,50057.1
08/10/22,45469.85,7.8,0.0,28.25,0.0,49931.94
08/11/22,45416.633,7.85,0.0,27.99,0.0,49805.73
08/12/22,45363.254,7.85,0.0,27.96,0.0,49677.64
08/13/22,45309.695,7.8,0.0,28.05,0.0,49547.76
08/14/22,45255.98,7.75,0.0,28.0,0.0,49416.234
08/15/22,44660.316,7.7,0.0,27.51,0.0,49283.168
08/16/22,44068.402,7.7,0.0,27.08,0.0,49148.69
08/17/22,16003.575,7.45,0.0,15.06,0.0,49012.92
08/18/22,43809.58,7.6,0.0,26.25,0.0,48875.97
08/19/22,44444.49,7.6,0.0,26.59,0.0,48737.965
08/20/22,43858.098,7.55,0.0,26.45,0.0,48599.0
08/21/22,43578.18,7.5,0.0,26.23,0.0,48459.195
08/22/22,43603.11,7.5,0.0,26.14,0.0,48318.66
08/23/22,43628.098,7.5,0.0,25.71,0.0,48177.492
08/24/22,43350.375,7.45,0.0,25.91,0.0,48035.8
08/25/22,43375.89,7.4,0.0,25.78,0.0,47893.684
08/26/22,43200.0,7.35,0.0,25.99,0.0,47751.246
08/27/22,43200.0,7.35,0.0,25.47,0.0,47608.58
08/28/22,43200.0,7.3,0.0,25.41,0.0,47465.78
08/29/22,43200.0,7.1,0.0,24.44,0.0,47322.95
08/30/22,43200.0,7.3,0.0,24.73,0.0,47180.176
08/31/22,43200.0,7.25,0.0,25.64,0.0,47037.105
09/01/22,43200.0,7.25,0.0,24.96,0.0,46892.875
09/02/22,43200.0,7.2,0.0,25.36,0.0,46747.566
09/03/22,43200.0,7.1,0.0,24.71,0.0,46601.28
09/04/22,43200.0,7.1,0.0,24.05,0.0,46454.12
09/05/22,43200.0,7.1,0.0,23.44,0.0,46306.184
09/06/22,43200.0,7.05,0.0,23.36,0.0,46157.562
09/07/22,43200.0,6.9,0.0,22.93,0.0,46008.363
09/08/22,42141.41,6.95,0.0,22.9,0.0,45858.676
09/09/22,39692.445,6.95,0.0,22.23,0.0,45708.594
09/10/22,35174.19,6.6,0.0,18.33,0.0,45558.215
09/11/22,34437.19,6.75,0.0,20.04,0.0,45407.63
09/12/22,26354.297,6.35,0.0,16.06,0.0,45256.918
09/13/22,41525.93,6.65,0.0,22.45,0.0,45106.19
09/14/22,36000.0,6.55,0.0,21.5,0.0,44955.516
09/15/22,39600.0,6.5,0.0,21.78,0.0,44804.992
09/16/22,39600.0,6.5,0.0,21.54,0.0,44654.707
09/17/22,32400.0,5.85,0.0,20.46,0.0,44504.75
09/18/22,11286.718,5.95,5.9,11.19,6.0,44355.207
09/19/22,21889.031,5.55,6.1,13.62,3.0,44206.164
09/20/22,39226.832,5.3,0.0,18.87,0.0,44057.246
09/21/22,36000.0,6.1,0.0,17.88,0.0,43907.574
09/22/22,39559.03,6.25,0.0,20.67,0.0,43757.21
09/23/22,39504.4,6.2,0.0,20.61,0.0,43606.258
09/24/22,39449.6,6.15,0.0,20.65,0.0,43454.805
09/25/22,39394.637,6.15,0.0,20.08,0.0,43302.95
09/26/22,39339.492,6.1,0.0,19.66,0.0,43150.797
09/27/22,37729.273,6.05,0.0,20.28,0.0,42998.43
09/28/22,36294.836,5.95,0.0,19.57,0.0,42845.95
09/29/22,39172.855,5.9,0.0,19.37,0.0,42693.453
09/30/22,39116.875,5.85,0.0,19.57,0.0,42541.03
10/01/22,39060.656,5.8,0.0,19.02,0.0,42388.785
10/02/22,37778.89,5.7,0.0,18.76,0.0,42236.816
10/03/22,38947.473,5.7,0.0,18.76,0.0,42085.215
10/04/22,38890.492,5.7,0.0,18.27,0.0,41934.08
10/05/22,38833.234,5.65,0.0,18.15,0.0,41783.504
10/06/22,38775.688,5.55,0.0,18.22,0.0,41633.6
10/07/22,38717.86,5.55,0.0,17.92,0.0,41484.457
10/08/22,38659.727,5.45,0.0,17.79,0.0,41336.19
10/09/22,38601.29,5.4,0.0,17.69,0.0,41188.89
10/10/22,38542.52,5.35,0.0,17.55,0.0,41042.16
10/11/22,38483.33,5.35,0.0,17.15,0.0,40895.03
10/12/22,38423.707,5.35,0.0,17.1,0.0,40747.574
10/13/22,38363.68,5.3,0.0,17.02,0.0,40599.895
10/14/22,38303.25,5.15,0.0,17.04,0.0,40452.11
10/15/22,38242.43,5.1,0.0,16.42,0.0,40304.332
10/16/22,33105.293,5.0,0.0,13.49,0.0,40156.67
10/17/22,38119.68,5.0,0.0,15.85,0.0,40009.246
10/18/22,36495.44,4.8,0.0,15.89,0.0,39862.17
10/19/22,37995.527,4.9,0.0,16.01,0.0,39715.566
10/20/22,37579.938,4.8,0.0,15.74,0.0,39569.543
10/21/22,35721.574,4.8,0.0,15.39,0.0,39424.234
10/22/22,33853.062,4.65,0.0,15.24,0.0,39279.754
10/23/22,36396.926,4.65,0.0,15.61,0.0,39136.234
10/24/22,33718.984,4.65,0.0,14.88,0.0,38993.8
10/25/22,30469.982,3.6,0.0,13.64,0.0,38852.586
10/26/22,34271.832,4.4,0.0,15.0,0.0,38712.715
10/27/22,33207.9,4.45,0.0,14.63,0.0,38574.336
10/28/22,18934.395,3.8,0.0,12.36,0.0,38437.58
10/29/22,32400.0,3.75,0.0,13.97,0.0,38302.582
10/30/22,32689.969,4.3,0.0,14.23,0.0,38168.93
10/31/22,21600.0,3.35,0.0,12.16,0.0,38035.566
11/01/22,10800.0,3.1,0.4,7.62,1.0,37902.58
11/02/22,28800.0,3.85,0.0,11.21,0.0,37770.105
11/03/22,32400.0,4.1,0.0,13.48,0.0,37638.266
11/04/22,28800.0,3.95,0.0,12.7,0.0,37507.21
11/05/22,3600.0,2.3,1.1,2.16,1.0,37377.07
11/06/22,32400.0,4.0,1.1,12.33,1.0,37247.99
11/07/22,18000.0,3.1,3.6,9.07,2.0,37120.105
11/08/22,0.0,0.65,24.199999,3.57,7.0,36993.574
11/09/22,32400.0,3.6,0.0,12.45,0.0,36868.535
11/10/22,32400.0,3.75,0.0,12.58,0.0,36745.15
11/11/22,32400.0,3.05,0.0,11.6,0.0,36623.562
11/12/22,29534.322,3.55,0.0,11.94,0.0,36503.94
11/13/22,32400.0,3.65,0.0,12.5,0.0,36386.44
11/14/22,32400.0,3.6,0.0,11.96,0.0,36271.227
11/15/22,32400.0,3.55,0.0,12.19,0.0,36158.465
11/16/22,32400.0,3.55,0.0,12.2,0.0,36048.324
11/17/22,32400.0,3.4,0.0,11.58,0.0,35940.973
11/18/22,32400.0,3.4,0.0,11.87,0.0,35836.59
11/19/22,32354.172,3.35,0.0,11.91,0.0,35734.816
11/20/22,32289.418,3.4,0.0,11.59,0.0,35634.68
11/21/22,32224.465,3.3,0.0,11.26,0.0,35536.26
11/22/22,32159.416,3.05,0.0,10.94,0.0,35439.69
11/23/22,32094.406,3.35,0.0,11.19,0.0,35345.094
11/24/22,32029.54,3.35,0.0,11.1,0.0,35252.6
11/25/22,31964.95,3.2,0.0,10.74,0.0,35162.332
11/26/22,31900.752,3.2,0.0,10.76,0.0,35074.438
11/27/22,31837.066,3.15,0.0,10.72,0.0,34989.035
11/28/22,31774.023,3.05,0.0,10.53,0.0,34906.258
11/29/22,31711.744,3.15,0.0,10.61,0.0,34826.258
11/30/22,31650.352,3.1,0.0,10.3,0.0,34749.152
12/01/22,10800.0,1.9,5.8999996,5.26,6.0,34675.094
12/02/22,27930.727,2.85,0.0,9.77,0.0,34604.21
12/03/22,0.0,0.25,2.9,0.85,2.0,34536.65
12/04/22,18607.275,2.9,3.0000002,8.24,3.0,34472.547
12/05/22,16407.191,2.4,6.4,7.17,3.0,34412.043
12/06/22,25336.209,2.85,0.0,9.32,0.0,34355.273
12/07/22,31255.967,2.9,0.0,9.99,0.0,34302.387
12/08/22,6006.1914,1.85,1.6,5.31,4.0,34253.516
12/09/22,5683.3164,1.95,0.0,6.89,0.0,34208.51
12/10/22,2327.0857,2.55,20.6,4.1,8.0,34166.85
12/11/22,19013.707,2.7,8.3,9.09,4.0,34128.555
12/12/22,31018.754,2.75,2.2,9.96,4.0,34093.656
12/13/22,30974.223,2.9,0.0,10.02,0.0,34062.188
12/14/22,28504.096,2.85,0.0,9.54,0.0,34034.188
12/15/22,30888.709,2.85,0.0,10.2,0.0,34009.69
12/16/22,30847.945,2.8,0.0,10.05,0.0,33988.723
12/17/22,30808.658,2.85,0.0,10.05,0.0,33971.32
12/18/22,30770.95,2.9,0.0,9.94,0.0,33957.504
12/19/22,5080.8955,2.1,0.0,5.7,0.0,33947.31
12/20/22,30297.963,2.85,0.0,9.0,0.0,33940.75
12/21/22,27068.395,2.85,0.0,7.9,0.0,33937.86
12/22/22,0.0,2.2,0.0,3.6,0.0,33938.656
12/23/22,20672.59,2.45,0.0,7.76,0.0,33943.16
12/24/22,26983.887,2.9,0.0,8.83,0.0,33951.39
12/25/22,799.82874,2.75,0.0,5.63,0.0,33963.36
12/26/22,0.0,1.95,3.8999999,3.01,4.0,33979.082
12/27/22,11532.876,2.6,16.0,7.19,7.0,33998.574
12/28/22,30504.057,2.5,0.0,9.5,0.0,34021.85
12/29/22,0.0,0.35,14.9,0.69,15.0,34049.043
12/30/22,3803.025,0.75,1.1,4.33,1.0,34080.367
12/31/22,0.0,0.2,48.499996,1.89,13.0,34115.742
01/01/23,30461.049,2.9,0.0,10.44,0.0,34155.05
01/02/23,3600.0,2.15,12.299998,4.89,6.0,34198.2
01/03/23,7200.0,1.0,0.0,5.13,0.0,34245.08
01/04/23,0.0,0.55,20.199999,1.72,10.0,34295.582
01/05/23,0.0,2.0,17.3,3.61,5.0,34349.598
01/06/23,12631.228,1.45,4.0,6.58,2.0,34407.027
01/07/23,1624.2397,1.65,6.5,4.98,4.0,34467.758
01/08/23,17892.771,3.0,12.299999,9.13,2.0,34531.68
01/09/23,6294.156,2.6,35.9,7.9,10.0,34598.688
01/10/23,10888.006,2.4,17.3,6.77,6.0,34668.67
01/11/23,0.0,0.25,7.2999997,1.81,8.0,34741.527
01/12/23,21600.0,2.65,0.0,9.78,0.0,34817.145
01/13/23,0.0,0.35,2.5,3.87,3.0,34895.414
01/14/23,10800.0,2.4,21.4,6.76,10.0,34976.23
01/15/23,3329.6123,2.35,0.4,6.36,1.0,35059.492
01/16/23,25661.355,1.75,5.0,10.02,3.0,35145.09
01/17/23,31825.445,3.1,0.0,11.72,0.0,35232.926
01/18/23,17406.164,2.5,1.8,8.27,2.0,35323.355
01/19/23,31907.543,3.15,0.0,11.81,0.0,35417.21
01/20/23,34164.793,3.3,0.0,12.24,0.0,35514.363
01/21/23,34047.527,3.05,0.0,12.15,0.0,35614.625
01/22/23,32413.016,3.4,0.0,12.26,0.0,35717.83
01/23/23,34406.87,3.5,0.0,12.52,0.0,35823.797
01/24/23,34447.13,3.5,0.0,12.39,0.0,35932.367
01/25/23,34489.297,3.45,0.0,12.61,0.0,36043.38
01/26/23,34533.297,3.55,0.0,12.84,0.0,36156.66
01/27/23,34579.066,3.2,0.0,12.47,0.0,36272.06
01/28/23,34626.543,3.6,0.0,13.08,0.0,36389.406
01/29/23,0.0,1.2,0.0,1.7,0.0,36508.56
01/30/23,34726.34,3.65,0.0,13.74,0.0,36629.348
01/31/23,34778.543,3.8,0.0,13.49,0.0,36751.64
02/01/23,29834.322,3.5,0.0,13.02,0.0,36875.277
02/02/23,20537.023,2.6,0.0,11.28,0.0,37000.125
02/03/23,25200.0,3.4,5.7999997,10.8,3.0,37126.03
02/04/23,3600.0,2.35,3.7,4.87,4.0,37252.86
02/05/23,18000.0,3.25,1.1,9.4,1.0,37380.477
02/06/23,35120.246,4.0,0.0,14.17,0.0,37508.75
02/07/23,26285.135,2.9,0.0,12.59,0.0,37638.117
02/08/23,35245.1,4.15,0.0,14.36,0.0,37769.652
02/09/23,32442.227,4.2,0.0,14.4,0.0,37903.242
02/10/23,31777.777,4.0,0.0,14.19,0.0,38038.723
02/11/23,35446.79,3.85,0.0,14.4,0.0,38175.94
02/12/23,35517.43,4.3,0.0,15.27,0.0,38314.75
02/13/23,35589.594,4.35,0.0,15.31,0.0,38455.0
02/14/23,28463.176,4.2,0.0,11.58,0.0,38596.543
02/15/23,35738.062,4.35,0.0,16.13,0.0,38739.246
02/16/23,22350.348,3.75,0.0,12.92,0.0,38882.953
02/17/23,35891.35,4.45,0.0,16.25,0.0,39027.54
02/18/23,35969.535,4.3,0.0,16.06,0.0,39172.867
02/19/23,36000.0,4.65,0.0,16.28,0.0,39318.805
02/20/23,36000.0,4.8,0.0,15.99,0.0,39465.223
02/21/23,28895.7,4.45,0.0,15.47,0.0,39611.992
02/22/23,31305.523,3.85,0.0,13.54,0.0,39758.984
02/23/23,7246.3467,4.25,14.0,11.16,3.0,39906.08
02/24/23,0.0,2.4,26.300001,4.83,9.0,40053.152
02/25/23,1464.9834,4.4,0.0,8.13,0.0,40200.082
02/26/23,0.0,1.85,0.8,5.34,2.0,40346.75
02/27/23,10800.0,4.15,13.0,12.75,3.0,40493.582
02/28/23,4957.3936,3.65,4.2,9.54,7.0,40641.633
03/01/23,36000.0,5.05,0.0,18.46,0.0,40790.805
03/02/23,36000.0,5.3,0.0,18.0,0.0,40941.0
03/03/23,25200.0,4.65,0.0,16.53,0.0,41092.086
03/04/23,28831.045,5.2,2.6000001,15.05,2.0,41243.96
03/05/23,15419.669,5.15,5.1000004,13.5,4.0,41396.508
03/06/23,946.5182,4.7,1.4,7.73,2.0,41549.625
03/07/23,25688.549,4.8,0.3,14.53,1.0,41703.19
03/08/23,36143.625,5.35,7.6,19.38,2.0,41857.11
03/09/23,8188.7275,2.5,21.2,5.8,9.0,42011.266
03/10/23,29770.307,5.8,1.1,18.67,1.0,42165.562
03/11/23,2304.0193,1.85,1.4,6.54,2.0,42319.89
03/12/23,7200.0,2.15,2.2,8.16,2.0,42474.137
03/13/23,14400.0,5.7,0.4,12.42,1.0,42628.21
03/14/23,15500.429,1.05,23.9,9.33,10.0,42781.996
03/15/23,39705.6,5.75,0.0,21.27,0.0,42935.402
03/16/23,39417.035,5.95,0.0,21.08,0.0,43088.312
03/17/23,35978.812,5.8,0.0,20.78,0.0,43240.633
03/18/23,33047.457,4.25,0.0,19.92,0.0,43392.254
03/19/23,0.0,0.55,6.1,3.13,7.0,43543.566
03/20/23,41656.42,6.1,0.0,20.74,0.0,43695.54
03/21/23,0.0,1.1,22.4,7.21,9.0,43848.1
03/22/23,20283.988,1.65,6.5,13.27,7.0,44001.16
03/23/23,38897.09,6.1,0.0,20.19,0.0,44154.62
03/24/23,35392.023,6.2,0.0,21.57,0.0,44308.39
03/25/23,42687.273,6.05,0.0,23.05,0.0,44462.37
03/26/23,42782.727,6.2,0.0,23.66,0.0,44616.47
03/27/23,24878.281,6.2,0.0,19.09,0.0,44770.582
03/28/23,7200.0,3.2,14.799999,9.17,9.0,44924.625
03/29/23,0.0,2.35,13.0,8.83,10.0,45078.492
03/30/23,35964.523,6.25,0.0,20.22,0.0,45232.09
03/31/23,41913.016,6.5,0.0,22.13,0.0,45385.316
04/01/23,36400.54,5.7,0.0,17.54,0.0,45538.08
04/02/23,43200.0,6.65,0.0,23.67,0.0,45690.273
04/03/23,36000.0,6.45,0.0,22.67,0.0,45841.797
04/04/23,37163.242,6.6,0.0,24.04,0.0,45992.547
04/05/23,43200.0,5.95,0.0,24.07,0.0,46142.414
04/06/23,28800.0,6.45,0.0,21.81,0.0,46291.3
04/07/23,12523.588,3.65,0.4,9.84,1.0,46439.094
04/08/23,34103.25,5.8,0.0,23.38,0.0,46586.16
04/09/23,43200.0,6.8,0.0,24.21,0.0,46733.418
04/10/23,43200.0,7.2,0.0,24.49,0.0,46880.81
04/11/23,43200.0,7.1,0.0,25.08,0.0,47028.227
04/12/23,43200.0,7.0,0.0,26.05,0.0,47175.586
04/13/23,43200.0,7.05,0.0,26.61,0.0,47322.777
04/14/23,43200.0,7.15,0.0,26.09,0.0,47469.71
04/15/23,43398.1,7.3,0.0,26.08,0.0,47616.273
04/16/23,43657.344,7.25,0.0,26.26,0.0,47762.367
04/17/23,22222.387,6.3,0.0,20.48,0.0,47907.89
04/18/23,40277.25,7.05,0.0,25.78,0.0,48052.74
04/19/23,44140.03,7.2,0.0,26.92,0.0,48196.785
04/20/23,43797.496,7.35,0.0,26.44,0.0,48339.938
04/21/23,44974.035,7.3,0.0,26.16,0.0,48482.07
04/22/23,44633.188,7.4,0.0,26.4,0.0,48623.08
04/23/23,44901.855,7.4,0.0,26.83,0.0,48762.836
04/24/23,45365.473,7.5,0.0,27.94,0.0,48901.223
04/25/23,45443.92,7.35,0.0,28.36,0.0,49038.11
04/26/23,45520.918,7.6,0.0,28.09,0.0,49173.39
04/27/23,45596.348,7.6,0.0,27.9,0.0,49306.91
04/28/23,45670.29,7.6,0.0,27.39,0.0,49439.03
04/29/23,45743.445,6.95,0.0,28.03,0.0,49570.61
04/30/23,38614.555,7.6,0.0,27.87,0.0,49701.582
05/01/23,9823.0625,1.5,0.0,14.45,0.0,49831.84
05/02/23,21891.158,6.9,0.5,15.29,2.0,49961.273
05/03/23,33087.008,6.95,0.0,24.27,0.0,50089.785
05/04/23,14400.0,5.05,3.3,12.01,5.0,50217.254
05/05/23,20964.39,5.7,0.0,12.6,0.0,50343.56
05/06/23,20944.387,7.45,6.5,14.75,2.0,50468.594
05/07/23,43698.82,7.55,0.0,26.22,0.0,50592.24
05/08/23,41471.938,6.85,0.0,24.64,0.0,50714.367
05/09/23,46423.37,6.95,0.0,29.22,0.0,50834.855
05/10/23,46484.812,7.85,0.0,28.34,0.0,50953.586
05/11/23,43200.0,7.85,0.0,28.91,0.0,51070.42
05/12/23,46603.25,7.95,0.0,29.23,0.0,51185.24
05/13/23,46660.11,8.0,0.0,29.79,0.0,51297.9
05/14/23,46715.29,8.0,0.0,29.56,0.0,51408.26
05/15/23,46768.727,8.0,0.0,29.67,0.0,51516.203
05/16/23,46800.0,8.05,0.0,30.17,0.0,51621.574
05/17/23,46800.0,8.1,0.0,29.83,0.0,51724.24
05/18/23,43200.0,8.1,0.0,29.36,0.0,51824.438
05/19/23,46800.0,8.15,0.0,30.01,0.0,51922.92
05/20/23,47402.06,8.15,0.0,29.7,0.0,52019.613
05/21/23,44190.152,7.15,0.0,29.66,0.0,52114.41
05/22/23,44321.043,8.15,0.0,29.67,0.0,52207.223
05/23/23,47699.098,8.05,0.0,30.11,0.0,52297.953
05/24/23,47860.938,8.0,0.0,29.92,0.0,52386.49
05/25/23,48018.473,8.05,0.0,29.86,0.0,52472.746
05/26/23,45339.113,8.15,0.0,29.43,0.0,52556.605
05/27/23,41122.117,8.1,0.0,28.58,0.0,52637.973
05/28/23,36952.434,7.85,0.0,27.75,0.0,52716.75
05/29/23,49183.41,8.1,0.0,30.07,0.0,52792.82
05/30/23,48942.113,8.2,0.0,29.5,0.0,52866.08
05/31/23,48708.215,8.15,0.0,30.1,0.0,52936.426
06/01/23,50400.0,8.05,0.0,31.29,0.0,53003.754
06/02/23,50253.69,8.2,0.0,31.15,0.0,53067.95
06/03/23,50376.477,8.2,0.0,31.27,0.0,53128.918
06/04/23,49789.42,8.15,0.0,30.88,0.0,53186.547
06/05/23,28164.646,7.45,0.0,28.03,0.0,53240.727
06/06/23,28800.0,8.05,0.7,23.88,1.0,53291.355
06/07/23,50348.734,7.6,0.0,28.54,0.0,53338.527
06/08/23,42831.79,7.45,0.0,27.68,0.0,53382.613
06/09/23,46800.0,7.65,0.0,30.94,0.0,53423.6
06/10/23,42961.586,7.45,0.0,30.22,0.0,53461.457
06/11/23,41389.355,7.9,0.0,29.85,0.0,53496.145
06/12/23,40130.86,8.2,0.0,29.55,0.0,53527.645
06/13/23,50400.0,8.2,0.0,30.23,0.0,53555.92
06/14/23,50400.0,8.25,0.0,30.25,0.0,53580.953
06/15/23,50400.0,8.25,0.0,31.78,0.0,53602.715
06/16/23,50400.0,8.2,0.0,31.98,0.0,53621.176
06/17/23,50400.0,8.25,0.0,30.49,0.0,53636.324
06/18/23,50400.0,8.25,0.0,31.24,0.0,53648.133
06/19/23,48793.266,8.15,0.0,29.93,0.0,53656.582
06/20/23,50400.0,8.0,0.0,32.17,0.0,53661.656
06/21/23,50400.0,8.0,0.0,32.04,0.0,53663.332
06/22/23,39600.0,7.35,0.0,29.38,0.0,53661.61
06/23/23,50400.0,8.1,0.0,31.17,0.0,53656.46
06/24/23,50400.0,7.55,0.0,30.84,0.0,53647.883
06/25/23,50400.0,8.1,0.0,31.51,0.0,53635.86
06/26/23,50400.0,8.15,0.0,30.82,0.0,53620.383
06/27/23,50400.0,8.2,0.0,30.92,0.0,53601.36
06/28/23,46800.0,8.15,0.0,30.98,0.0,53578.633
06/29/23,50400.0,8.3,0.0,31.53,0.0,53552.273
06/30/23,50400.0,8.3,0.0,30.94,0.0,53522.344
07/01/23,50400.0,8.35,0.0,31.13,0.0,53488.93
07/02/23,50400.0,8.4,0.0,31.3,0.0,53452.094
07/03/23,50400.0,8.4,0.0,31.05,0.0,53411.926
07/04/23,50400.0,8.35,0.0,31.4,0.0,53368.484
07/05/23,50400.0,8.35,0.0,30.9,0.0,53321.867
07/06/23,50400.0,8.4,0.0,31.06,0.0,53272.13
07/07/23,50400.0,8.4,0.0,30.49,0.0,53219.375
07/08/23,50400.0,8.4,0.0,31.02,0.0,53163.664
07/09/23,50400.0,8.4,0.0,30.85,0.0,53105.086
07/10/23,50400.0,8.35,0.0,31.23,0.0,53043.715
07/11/23,50400.0,8.3,0.0,30.83,0.0,52979.637
07/12/23,50400.0,8.3,0.0,31.26,0.0,52912.926
07/13/23,50400.0,8.35,0.0,30.74,0.0,52843.668
07/14/23,50400.0,8.35,0.0,31.04,0.0,52771.94
07/15/23,50391.01,8.35,0.0,30.31,0.0,52697.82
07/16/23,46748.32,8.05,0.0,29.59,0.0,52621.383
07/17/23,50305.17,8.35,0.0,29.71,0.0,52542.387
07/18/23,50260.953,8.3,0.0,30.33,0.0,52460.227
07/19/23,50131.996,8.2,0.0,30.58,0.0,52375.02
07/20/23,49968.85,8.25,0.0,30.4,0.0,52286.895
07/21/23,50122.1,8.3,0.0,30.15,0.0,52195.99
07/22/23,45643.65,7.45,0.0,29.62,0.0,52102.43
07/23/23,46425.15,8.05,0.0,28.87,0.0,52006.348
07/24/23,49975.58,8.15,0.0,30.06,0.0,51907.88
07/25/23,49925.375,8.2,0.0,30.03,0.0,51807.137
07/26/23,49533.598,8.15,0.0,29.53,0.0,51704.258
07/27/23,48610.22,8.2,0.0,29.16,0.0,51599.363
07/28/23,49771.71,8.15,0.0,29.38,0.0,51492.57
07/29/23,49719.707,8.1,0.0,29.9,0.0,51384.004
07/30/23,49667.42,8.1,0.0,29.93,0.0,51273.78
07/31/23,48299.316,8.1,0.0,29.69,0.0,51162.01
08/01/23,47286.96,7.6,0.0,29.2,0.0,51048.816
08/02/23,46176.42,8.0,0.0,28.8,0.0,50934.305
08/03/23,45856.883,7.95,0.0,28.41,0.0,50818.586
08/04/23,45804.227,7.9,0.0,28.04,0.0,50701.766
08/05/23,45751.688,7.95,0.0,27.64,0.0,50583.957
08/06/23,45699.223,7.9,0.0,28.52,0.0,50464.812
08/07/23,45646.457,7.85,0.0,27.77,0.0,50343.54
08/08/23,45593.367,7.9,0.0,28.04,0.0,50220.234
08/09/23,45540.0,7.85,0.0,27.61,0.0,50095.03
08/10/23,45486.387,7.8,0.0,27.63,0.0,49968.05
08/11/23,43324.766,7.8,0.0,26.88,0.0,49839.438
08/12/23,44587.805,7.8,0.0,26.53,0.0,49709.31
08/13/23,43991.883,7.8,0.0,26.5,0.0,49577.78
08/14/23,26258.146,6.8,0.0,22.51,0.0,49444.99
08/15/23,41615.86,7.7,0.0,25.6,0.0,49311.04
08/16/23,41107.223,7.7,0.0,26.44,0.0,49176.047
08/17/23,43779.523,7.7,0.0,26.12,0.0,49040.13
08/18/23,43497.793,7.6,0.0,25.61,0.0,48903.395
08/19/23,43522.707,7.55,0.0,25.77,0.0,48765.957
08/20/23,18134.38,6.3,0.0,19.75,0.0,48627.914
08/21/23,25200.0,7.5,0.4,18.76,1.0,48489.375
08/22/23,43200.0,7.4,0.0,24.63,0.0,48350.445
08/23/23,43200.0,7.55,0.0,25.09,0.0,48211.223
08/24/23,43200.0,7.55,0.0,25.09,0.0,48071.8
08/25/23,43672.18,7.5,0.0,26.09,0.0,47932.29
08/26/23,43395.184,7.45,0.0,26.03,0.0,47792.32
08/27/23,43200.0,7.45,0.0,26.05,0.0,47651.047
08/28/23,43200.0,7.4,0.0,25.78,0.0,47508.54
08/29/23,43200.0,7.3,0.0,25.39,0.0,47364.918
08/30/23,43200.0,7.3,0.0,25.04,0.0,47220.277
08/31/23,38266.59,7.15,0.0,23.14,0.0,47074.734
09/01/23,28800.0,6.75,0.0,15.98,0.0,46928.38
09/02/23,41489.344,3.8,0.0,18.88,0.0,46781.316
09/03/23,33485.86,6.95,0.0,20.95,0.0,46633.65
09/04/23,43200.0,7.0,0.0,23.49,0.0,46485.47
09/05/23,43200.0,7.0,0.0,23.5,0.0,46336.875
09/06/23,43200.0,6.95,0.0,23.46,0.0,46187.957
09/07/23,43200.0,6.9,0.0,23.23,0.0,46038.82
09/08/23,43200.0,6.85,0.0,23.45,0.0,45889.54
09/09/23,43102.23,6.85,0.0,23.42,0.0,45740.215
09/10/23,43200.0,6.85,0.0,23.67,0.0,45590.94
09/11/23,41620.324,6.8,0.0,23.07,0.0,45441.797
09/12/23,40994.312,6.75,0.0,22.53,0.0,45292.88
09/13/23,41297.023,6.7,0.0,22.15,0.0,45144.27
09/14/23,40213.07,6.65,0.0,22.35,0.0,44996.062
09/15/23,39675.92,6.6,0.0,21.42,0.0,44847.88
09/16/23,39600.0,6.55,0.0,20.96,0.0,44698.86
09/17/23,39600.0,6.5,0.0,20.88,0.0,44549.074
09/18/23,39600.0,6.4,0.0,20.46,0.0,44398.605
09/19/23,39600.0,6.35,0.0,20.22,0.0,44247.56
09/20/23,39600.0,6.3,0.0,19.92,0.0,44096.023
09/21/23,43200.0,6.2,0.0,21.66,0.0,43944.094
09/22/23,39600.0,6.2,0.0,20.53,0.0,43791.867
09/23/23,43105.266,6.15,0.0,20.55,0.0,43639.434
09/24/23,42952.754,5.9,0.0,20.41,0.0,43486.89
09/25/23,42800.21,6.05,0.0,20.24,0.0,43334.32
09/26/23,42647.742,6.0,0.0,20.12,0.0,43181.824
09/27/23,42495.43,6.05,0.0,19.75,0.0,43029.492
09/28/23,42343.363,6.0,0.0,19.92,0.0,42877.418
09/29/23,22316.342,5.2,0.0,14.37,0.0,42725.688
09/30/23,16943.781,3.2,0.0,7.62,0.0,42574.406
10/01/23,41889.6,5.6,0.0,19.35,0.0,42423.66
10/02/23,41086.29,5.3,0.0,19.14,0.0,42273.55
10/03/23,41590.09,5.7,0.0,18.32,0.0,42124.16
10/04/23,41441.5,5.7,0.0,18.72,0.0,41975.6
10/05/23,40912.582,5.65,0.0,18.32,0.0,41827.47
10/06/23,40829.117,5.6,0.0,18.33,0.0,41678.824
10/07/23,40371.18,5.55,0.0,18.06,0.0,41529.727
10/08/23,39951.1,5.5,0.0,17.68,0.0,41380.3
10/09/23,29979.393,4.75,0.2,11.21,1.0,41230.645
10/10/23,28872.084,5.45,0.0,13.91,0.0,41080.86
10/11/23,39654.73,5.4,0.0,17.64,0.0,40931.06
10/12/23,38252.11,5.35,0.0,17.68,0.0,40781.348
10/13/23,23055.602,5.1,0.0,12.64,0.0,40631.844
10/14/23,30470.455,4.55,0.0,13.4,0.0,40482.645
10/15/23,36000.0,5.1,0.0,15.88,0.0,40333.87
10/16/23,28840.986,3.75,0.0,13.29,0.0,40185.633
10/17/23,36911.4,5.1,0.0,16.21,0.0,40038.047
10/18/23,36000.0,5.05,0.0,15.79,0.0,39891.23
10/19/23,36151.938,5.0,0.0,15.98,0.0,39745.3
10/20/23,36283.895,4.9,0.0,15.21,0.0,39600.383
10/21/23,36000.0,4.75,0.0,15.03,0.0,39456.598
10/22/23,518.1731,2.5,18.1,2.11,10.0,39314.066
10/23/23,36000.0,4.75,0.0,15.11,0.0,39172.92
10/24/23,36000.0,4.7,0.0,15.12,0.0,39033.293
10/25/23,27974.406,3.65,0.3,9.12,2.0,38894.76
10/26/23,36000.0,4.5,0.0,15.52,0.0,38756.273
10/27/23,36000.0,4.4,0.0,14.94,0.0,38617.926
10/28/23,36000.0,4.45,0.0,15.26,0.0,38479.844
10/29/23,36000.0,4.4,0.0,15.15,0.0,38342.152
10/30/23,36000.0,4.35,0.0,14.96,0.0,38204.98
10/31/23,32400.0,4.15,0.0,14.16,0.0,38068.465
11/01/23,36000.0,3.7,0.0,13.8,0.0,37932.742
11/02/23,26380.055,3.45,0.0,11.82,0.0,37797.945
11/03/23,36000.0,4.15,0.0,13.02,0.0,37664.223
11/04/23,33853.0,4.05,0.0,12.08,0.0,37531.707
11/05/23,665.56915,3.3,0.2,5.28,1.0,37400.55
11/06/23,35876.496,4.0,0.0,11.31,0.0,37270.902
