time,sunshine_duration
2016-10-31,37194.938
2016-11-01,36003.305
2016-11-02,36887.28
2016-11-03,36861.15
2016-11-04,36224.85
2016-11-05,36200.734
2016-11-06,22991.246
2016-11-07,35640.203
2016-11-08,35830.8
2016-11-09,35813.582
2016-11-10,34631.69
2016-11-11,34693.035
2016-11-12,35399.4
2016-11-13,35355.85
2016-11-14,35313.83
2016-11-15,35273.355
2016-11-16,35234.492
2016-11-17,35197.26
2016-11-18,35161.707
2016-11-19,35127.87
2016-11-20,18484.217
2016-11-21,35065.516
2016-11-22,35037.086
2016-11-23,33055.445
2016-11-24,34985.94
2016-11-25,32421.861
2016-11-26,23748.54
2016-11-27,33401.492
2016-11-28,3137.8567
2016-11-29,34893.67
2016-11-30,34450.184
2016-12-01,34852.145
2016-12-02,34791.004
2016-12-03,34732.414
2016-12-04,33642.73
2016-12-05,34623.168
2016-12-06,34572.684
2016-12-07,33498.133
2016-12-08,5732.4395
2016-12-09,25355.31
2016-12-10,17990.625
2016-12-11,31390.781
2016-12-12,18860.07
2016-12-13,30628.594
2016-12-14,26642.566
2016-12-15,0.0
2016-12-16,34237.777
2016-12-17,34222.938
2016-12-18,34211.766
2016-12-19,34204.344
2016-12-20,34201.023
2016-12-21,28774.812
2016-12-22,34205.4
2016-12-23,3045.332
2016-12-24,34224.008
2016-12-25,28902.15
2016-12-26,34256.496
2016-12-27,34277.832
2016-12-28,34302.492
2016-12-29,33191.207
2016-12-30,83.75993
2016-12-31,25914.666
2017-01-01,34041.76
2017-01-02,16836.021
2017-01-03,6133.018
2017-01-04,12842.068
2017-01-05,10767.84
2017-01-06,34665.312
2017-01-07,3042.0127
2017-01-08,15179.695
2017-01-09,20122.426
2017-01-10,0.0
2017-01-11,29973.834
2017-01-12,32400.0
2017-01-13,34927.543
2017-01-14,33740.76
2017-01-15,33526.824
2017-01-16,34685.23
2017-01-17,35007.08
2017-01-18,1914.7742
2017-01-19,33075.64
2017-01-20,25494.09
2017-01-21,28070.312
2017-01-22,16236.31
2017-01-23,34529.535
2017-01-24,35215.613
2017-01-25,35252.18
2017-01-26,35290.37
2017-01-27,35412.785
2017-01-28,35420.996
2017-01-29,35414.61
2017-01-30,34961.29
2017-01-31,35507.062
2017-02-01,21344.418
2017-02-02,29725.791
2017-02-03,34907.36
2017-02-04,34901.84
2017-02-05,3721.4167
2017-02-06,4813.919
2017-02-07,20745.488
2017-02-08,7917.7573
2017-02-09,0.0
2017-02-10,2664.2715
2017-02-11,27793.7
2017-02-12,38112.03
2017-02-13,34402.195
2017-02-14,38237.76
2017-02-15,36122.066
2017-02-16,14662.223
2017-02-17,3391.185
2017-02-18,24083.39
2017-02-19,18000.0
2017-02-20,33496.695
2017-02-21,38664.13
2017-02-22,38723.863
2017-02-23,38882.523
2017-02-24,38901.914
2017-02-25,38901.406
2017-02-26,34834.312
2017-02-27,39018.31
2017-02-28,39553.668
2017-03-01,39568.87
2017-03-02,39873.613
2017-03-03,40177.227
2017-03-04,40479.83
2017-03-05,34388.977
2017-03-06,36302.418
2017-03-07,41382.438
2017-03-08,41565.055
2017-03-09,41692.848
2017-03-10,35336.336
2017-03-11,41620.508
2017-03-12,41972.445
2017-03-13,42058.633
2017-03-14,42145.586
2017-03-15,42233.21
2017-03-16,40038.758
2017-03-17,42410.04
2017-03-18,42499.043
2017-03-19,19285.77
2017-03-20,35477.684
2017-03-21,36000.0
2017-03-22,39221.164
2017-03-23,42945.684
2017-03-24,17834.607
2017-03-25,33503.78
2017-03-26,15287.879
2017-03-27,43200.0
2017-03-28,43200.0
2017-03-29,43200.0
2017-03-30,43225.094
2017-03-31,43200.0
2017-04-01,43200.0
2017-04-02,43435.977
2017-04-03,43410.97
2017-04-04,43200.0
2017-04-05,40856.766
2017-04-06,6847.3296
2017-04-07,4920.318
2017-04-08,43575.36
2017-04-09,44076.633
2017-04-10,44323.973
2017-04-11,30935.592
2017-04-12,40458.367
2017-04-13,39223.67
2017-04-14,45522.633
2017-04-15,43509.105
2017-04-16,22269.98
2017-04-17,19098.455
2017-04-18,18546.666
2017-04-19,45228.617
2017-04-20,47224.53
2017-04-21,47464.746
2017-04-22,40463.918
2017-04-23,47318.344
2017-04-24,23594.56
2017-04-25,47112.113
2017-04-26,35957.133
2017-04-27,47806.68
2017-04-28,48472.133
2017-04-29,48593.453
2017-04-30,48713.617
2017-05-01,48832.52
2017-05-02,48950.05
2017-05-03,49066.086
2017-05-04,49180.516
2017-05-05,44340.918
2017-05-06,45834.902
2017-05-07,33747.73
2017-05-08,49619.816
2017-05-09,49724.902
2017-05-10,49828.86
2017-05-11,49931.656
2017-05-12,50033.18
2017-05-13,50133.344
2017-05-14,48472.336
2017-05-15,50254.758
2017-05-16,45143.47
2017-05-17,50352.875
2017-05-18,50400.0
2017-05-19,50400.0
2017-05-20,50400.0
2017-05-21,50400.0
2017-05-22,50400.0
2017-05-23,50400.0
2017-05-24,47703.64
2017-05-25,50400.0
2017-05-26,50400.0
2017-05-27,50400.0
2017-05-28,50400.0
2017-05-29,50400.0
2017-05-30,48251.914
2017-05-31,32406.678
2017-06-01,50400.0
2017-06-02,50400.0
2017-06-03,50400.0
2017-06-04,50400.0
2017-06-05,50400.0
2017-06-06,50400.0
2017-06-07,46588.453
2017-06-08,47205.004
2017-06-09,37672.688
2017-06-10,50400.0
2017-06-11,50400.0
2017-06-12,50400.0
2017-06-13,50400.0
2017-06-14,50400.0
2017-06-15,50400.0
2017-06-16,50400.0
2017-06-17,50400.0
2017-06-18,50400.0
2017-06-19,48035.297
2017-06-20,50400.0
2017-06-21,50400.0
2017-06-22,50400.0
2017-06-23,50400.0
2017-06-24,50400.0
2017-06-25,50400.0
2017-06-26,50400.0
2017-06-27,50400.0
2017-06-28,50400.0
2017-06-29,50400.0
2017-06-30,50400.0
2017-07-01,50400.0
2017-07-02,50400.0
2017-07-03,50400.0
2017-07-04,50400.0
2017-07-05,50400.0
2017-07-06,50400.0
2017-07-07,50400.0
2017-07-08,50400.0
2017-07-09,50400.0
2017-07-10,50400.0
2017-07-11,50400.0
2017-07-12,50400.0
2017-07-13,50400.0
2017-07-14,50400.0
2017-07-15,50400.0
2017-07-16,45175.832
2017-07-17,50330.688
2017-07-18,50287.832
2017-07-19,50244.383
2017-07-20,50200.426
2017-07-21,50156.043
2017-07-22,50111.305
2017-07-23,50066.29
2017-07-24,50021.086
2017-07-25,49975.758
2017-07-26,49930.387
2017-07-27,49885.05
2017-07-28,49839.703
2017-07-29,49793.875
2017-07-30,49747.562
2017-07-31,49700.805
2017-08-01,49653.656
2017-08-02,46778.133
2017-08-03,25967.115
2017-08-04,38386.3
2017-08-05,49026.336
2017-08-06,49278.613
2017-08-07,49165.914
2017-08-08,49052.01
2017-08-09,48937.016
2017-08-10,48821.01
2017-08-11,48704.117
2017-08-12,48586.434
2017-08-13,48468.04
2017-08-14,47985.414
2017-08-15,47932.996
2017-08-16,47583.65
2017-08-17,47234.207
2017-08-18,46884.3
2017-08-19,46828.836
2017-08-20,46772.15
2017-08-21,46334.934
2017-08-22,46097.67
2017-08-23,45861.453
2017-08-24,45627.25
2017-08-25,45394.414
2017-08-26,45162.996
2017-08-27,44641.777
2017-08-28,44413.09
2017-08-29,43895.35
2017-08-30,43958.78
2017-08-31,43733.223
2017-09-01,43508.48
2017-09-02,43364.68
2017-09-03,43200.0
2017-09-04,42099.395
2017-09-05,42200.52
2017-09-06,43200.0
2017-09-07,43200.0
2017-09-08,43200.0
2017-09-09,43200.0
2017-09-10,41923.016
2017-09-11,42501.684
2017-09-12,43200.0
2017-09-13,43200.0
2017-09-14,43200.0
2017-09-15,43200.0
2017-09-16,41479.684
2017-09-17,43200.0
2017-09-18,43181.297
2017-09-19,43090.11
2017-09-20,42201.223
2017-09-21,42908.74
2017-09-22,42818.754
2017-09-23,42729.375
2017-09-24,42640.695
2017-09-25,42552.812
2017-09-26,42464.98
2017-09-27,42376.69
2017-09-28,42288.055
2017-09-29,42199.164
2017-09-30,42081.953
2017-10-01,41942.832
2017-10-02,41803.543
2017-10-03,41664.18
2017-10-04,41524.816
2017-10-05,41385.566
2017-10-06,40879.684
2017-10-07,40584.902
2017-10-08,40289.043
2017-10-09,39992.0
2017-10-10,39059.65
2017-10-11,39393.793
2017-10-12,39383.363
2017-10-13,39372.047
2017-10-14,39068.074
2017-10-15,38791.96
2017-10-16,38747.484
2017-10-17,35082.227
2017-10-18,36163.84
2017-10-19,38570.57
2017-10-20,37707.785
2017-10-21,38457.133
2017-10-22,38399.797
2017-10-23,38342.08
2017-10-24,38284.0
2017-10-25,38225.586
2017-10-26,38166.863
2017-10-27,37951.8
2017-10-28,37686.5
2017-10-29,33427.145
2017-10-30,36547.656
2017-10-31,36883.953
2017-11-01,36917.867
2017-11-02,22247.393
2017-11-03,19121.408
2017-11-04,23462.082
2017-11-05,35902.273
2017-11-06,34171.29
2017-11-07,36167.195
2017-11-08,29766.084
2017-11-09,35556.61
2017-11-10,35507.156
2017-11-11,35459.125
2017-11-12,31812.557
2017-11-13,35367.516
2017-11-14,32526.049
2017-11-15,32550.764
2017-11-16,24316.271
2017-11-17,28210.662
2017-11-18,35167.227
2017-11-19,35132.58
2017-11-20,23388.787
2017-11-21,35069.184
2017-11-22,32697.662
2017-11-23,33002.914
2017-11-24,34679.86
2017-11-25,33070.07
2017-11-26,14369.465
2017-11-27,34930.01
2017-11-28,34419.37
2017-11-29,34900.5
2017-11-30,34888.8
2017-12-01,34871.27
2017-12-02,32085.094
2017-12-03,31529.646
2017-12-04,34688.414
2017-12-05,34633.06
2017-12-06,34580.695
2017-12-07,34531.395
2017-12-08,34485.277
2017-12-09,32737.79
2017-12-10,34026.69
2017-12-11,34367.01
2017-12-12,34334.617
2017-12-13,34305.91
2017-12-14,34280.973
2017-12-15,28373.055
2017-12-16,34242.64
2017-12-17,34228.63
2017-12-18,34218.01
2017-12-19,31940.486
2017-12-20,21982.418
2017-12-21,34206.492
2017-12-22,31803.912
2017-12-23,31465.553
2017-12-24,21060.645
2017-12-25,28800.0
2017-12-26,34254.242
2017-12-27,32936.164
2017-12-28,32052.576
2017-12-29,33554.453
2017-12-30,31229.662
2017-12-31,33984.96
2018-01-01,33082.07
2018-01-02,24370.283
2018-01-03,3726.2476
2018-01-04,31110.348
2018-01-05,29227.488
2018-01-06,16501.713
2018-01-07,30928.398
2018-01-08,0.0
2018-01-09,12260.202
2018-01-10,16653.24
2018-01-11,29120.016
2018-01-12,34424.74
2018-01-13,32446.486
2018-01-14,29846.957
2018-01-15,13437.228
2018-01-16,25484.92
2018-01-17,28800.0
2018-01-18,34789.312
2018-01-19,20975.92
2018-01-20,35075.76
2018-01-21,33050.297
2018-01-22,33921.043
2018-01-23,31581.588
2018-01-24,33540.508
2018-01-25,35238.227
2018-01-26,35276.85
2018-01-27,35317.508
2018-01-28,35420.01
2018-01-29,28172.822
2018-01-30,33393.75
2018-01-31,35498.8
2018-02-01,35548.39
2018-02-02,35599.53
2018-02-03,36122.39
2018-02-04,36140.95
2018-02-05,36466.938
2018-02-06,36792.98
2018-02-07,36814.39
2018-02-08,37141.117
2018-02-09,37164.457
2018-02-10,37133.63
2018-02-11,34881.168
2018-02-12,37062.152
2018-02-13,38158.875
2018-02-14,37966.855
2018-02-15,38282.633
2018-02-16,38344.246
2018-02-17,38405.652
2018-02-18,38466.844
2018-02-19,38527.785
2018-02-20,38588.47
2018-02-21,38648.883
2018-02-22,38709.0
2018-02-23,38768.812
2018-02-24,38894.258
2018-02-25,38887.48
2018-02-26,8561.629
2018-02-27,31782.014
2018-02-28,36712.95
2018-03-01,15605.227
2018-03-02,32391.957
2018-03-03,34915.367
2018-03-04,39610.418
2018-03-05,40203.367
2018-03-06,40216.598
2018-03-07,21169.697
2018-03-08,39664.082
2018-03-09,32400.0
2018-03-10,404.05817
2018-03-11,39489.766
2018-03-12,27473.504
2018-03-13,28298.834
2018-03-14,18857.33
2018-03-15,33720.83
2018-03-16,39849.566
2018-03-17,37642.875
2018-03-18,35283.68
2018-03-19,40762.582
2018-03-20,535.1099
2018-03-21,3493.9043
2018-03-22,26705.844
2018-03-23,42923.336
2018-03-24,42340.633
2018-03-25,43095.668
2018-03-26,43182.098
2018-03-27,43200.0
2018-03-28,43200.0
2018-03-29,43200.0
2018-03-30,43200.0
2018-03-31,42224.21
2018-04-01,43200.0
2018-04-02,43200.0
2018-04-03,43416.97
2018-04-04,42265.83
2018-04-05,28100.615
2018-04-06,0.0
2018-04-07,26019.309
2018-04-08,43581.492
2018-04-09,43200.0
2018-04-10,41583.176
2018-04-11,40486.438
2018-04-12,44211.08
2018-04-13,44438.78
2018-04-14,44377.164
2018-04-15,39793.81
2018-04-16,38830.676
2018-04-17,45069.367
2018-04-18,39907.242
2018-04-19,45829.207
2018-04-20,46358.47
2018-04-21,46596.184
2018-04-22,47129.785
2018-04-23,47371.066
2018-04-24,47909.367
2018-04-25,48077.35
2018-04-26,48201.945
2018-04-27,48325.37
2018-04-28,48447.52
2018-04-29,36367.03
2018-04-30,47165.453
2018-05-01,46198.867
2018-05-02,48921.08
2018-05-03,49035.13
2018-05-04,49147.633
2018-05-05,42203.08
2018-05-06,40048.29
2018-05-07,49479.824
2018-05-08,48284.88
2018-05-09,49696.05
2018-05-10,49802.29
2018-05-11,49907.145
2018-05-12,46454.01
2018-05-13,50112.293
2018-05-14,50196.75
2018-05-15,49868.32
2018-05-16,50295.453
2018-05-17,50344.008
2018-05-18,50391.94
2018-05-19,50400.0
2018-05-20,41247.414
2018-05-21,50400.0
2018-05-22,50400.0
2018-05-23,50400.0
2018-05-24,50400.0
2018-05-25,26233.008
2018-05-26,48329.71
2018-05-27,50400.0
2018-05-28,50400.0
2018-05-29,50400.0
2018-05-30,50400.0
2018-05-31,50400.0
2018-06-01,50400.0
2018-06-02,50400.0
2018-06-03,50400.0
2018-06-04,50400.0
2018-06-05,50400.0
2018-06-06,50400.0
2018-06-07,50400.0
2018-06-08,50400.0
2018-06-09,50400.0
2018-06-10,50400.0
2018-06-11,50400.0
2018-06-12,50400.0
2018-06-13,50400.0
2018-06-14,50400.0
2018-06-15,50400.0
2018-06-16,50400.0
2018-06-17,50400.0
2018-06-18,50400.0
2018-06-19,50400.0
2018-06-20,50400.0
2018-06-21,50400.0
2018-06-22,50400.0
2018-06-23,50400.0
2018-06-24,50400.0
2018-06-25,50400.0
2018-06-26,50400.0
2018-06-27,50400.0
2018-06-28,50400.0
2018-06-29,50400.0
2018-06-30,50400.0
2018-07-01,50400.0
2018-07-02,50400.0
2018-07-03,50400.0
2018-07-04,50400.0
2018-07-05,46954.1
2018-07-06,48183.47
2018-07-07,50400.0
2018-07-08,50400.0
2018-07-09,50400.0
2018-07-10,50400.0
2018-07-11,50400.0
2018-07-12,50400.0
2018-07-13,50400.0
2018-07-14,50400.0
2018-07-15,50400.0
2018-07-16,50378.332
2018-07-17,50336.5
2018-07-18,50294.24
2018-07-19,50251.64
2018-07-20,50208.793
2018-07-21,50165.77
2018-07-22,50122.66
2018-07-23,48901.145
2018-07-24,50035.477
2018-07-25,49990.86
2018-07-26,49545.113
2018-07-27,49899.78
2018-07-28,49853.44
2018-07-29,49590.414
2018-07-30,49759.45
2018-07-31,49711.906
2018-08-01,49664.066
2018-08-02,49348.39
2018-08-03,49567.727
2018-08-04,49519.33
2018-08-05,49412.035
2018-08-06,49301.734
2018-08-07,49190.402
2018-08-08,49078.15
2018-08-09,48965.07
2018-08-10,48851.26
2018-08-11,48455.87
2018-08-12,48107.344
2018-08-13,48354.383
2018-08-14,48004.008
2018-08-15,47950.316
2018-08-16,47598.973
2018-08-17,47543.42
2018-08-18,47191.453
2018-08-19,47134.383
2018-08-20,46857.125
2018-08-21,45442.53
2018-08-22,46371.49
2018-08-23,46312.33
2018-08-24,46199.785
2018-08-25,45382.21
2018-08-26,45441.312
2018-08-27,45210.047
2018-08-28,44108.01
2018-08-29,40841.36
2018-08-30,43942.273
2018-08-31,43715.44
2018-09-01,43598.31
2018-09-02,43350.82
2018-09-03,43392.863
2018-09-04,43200.0
2018-09-05,43200.0
2018-09-06,43200.0
2018-09-07,43200.0
2018-09-08,43200.0
2018-09-09,43200.0
2018-09-10,43200.0
2018-09-11,43200.0
2018-09-12,43200.0
2018-09-13,43200.0
2018-09-14,43200.0
2018-09-15,43200.0
2018-09-16,43200.0
2018-09-17,43200.0
2018-09-18,43200.0
2018-09-19,43114.445
2018-09-20,43026.094
2018-09-21,42937.637
2018-09-22,42848.57
2018-09-23,42759.0
2018-09-24,42669.027
2018-09-25,42578.758
2018-09-26,42488.297
2018-09-27,42397.742
2018-09-28,42307.195
2018-09-29,42216.766
2018-09-30,28767.604
2018-10-01,41001.94
2018-10-02,40311.438
2018-10-03,12443.832
2018-10-04,40606.13
2018-10-05,40889.652
2018-10-06,39736.848
2018-10-07,40588.83
2018-10-08,40292.15
2018-10-09,39994.086
2018-10-10,37565.125
2018-10-11,39393.684
2018-10-12,39382.63
2018-10-13,39080.008
2018-10-14,39067.754
2018-10-15,39054.965
2018-10-16,38750.164
2018-10-17,38734.902
2018-10-18,38639.305
2018-10-19,38583.332
2018-10-20,38527.016
2018-10-21,38470.363
2018-10-22,38413.39
2018-10-23,34970.83
2018-10-24,38298.54
2018-10-25,38171.195
2018-10-26,38182.574
2018-10-27,37641.836
2018-10-28,36171.402
2018-10-29,37711.64
2018-10-30,37444.434
2018-10-31,37176.15
2018-11-01,36000.0
2018-11-02,36901.7
2018-11-03,36571.312
2018-11-04,35841.945
2018-11-05,36216.88
2018-11-06,36194.184
2018-11-07,36172.938
2018-11-08,36153.223
2018-11-09,35826.047
2018-11-10,35808.625
2018-11-11,35482.535
2018-11-12,35467.668
2018-11-13,32400.0
2018-11-14,35328.938
2018-11-15,35286.758
2018-11-16,35246.53
2018-11-17,35208.348
2018-11-18,35172.297
2018-11-19,22614.367
2018-11-20,35106.676
2018-11-21,8594.619
2018-11-22,30762.852
2018-11-23,3600.0
2018-11-24,32724.545
2018-11-25,32711.543
2018-11-26,33079.066
2018-11-27,32661.17
2018-11-28,3443.3823
2018-11-29,21605.293
2018-11-30,29144.742
2018-12-01,26817.258
2018-12-02,34077.965
2018-12-03,32288.795
2018-12-04,2574.1086
2018-12-05,7517.949
2018-12-06,21803.77
2018-12-07,34538.105
2018-12-08,34321.85
2018-12-09,10267.491
2018-12-10,24537.377
2018-12-11,34107.473
2018-12-12,32994.426
2018-12-13,34318.047
2018-12-14,0.0
2018-12-15,33134.6
2018-12-16,22227.33
2018-12-17,21764.357
2018-12-18,34048.6
2018-12-19,32743.295
2018-12-20,21645.693
2018-12-21,27023.953
2018-12-22,22930.094
2018-12-23,28846.764
2018-12-24,28399.0
2018-12-25,25420.717
2018-12-26,34245.33
2018-12-27,34263.184
2018-12-28,34284.438
2018-12-29,34309.094
2018-12-30,34337.684
2018-12-31,34370.1
2019-01-01,34406.22
2019-01-02,34445.918
2019-01-03,34489.11
2019-01-04,34535.69
2019-01-05,0.0
2019-01-06,8968.94
2019-01-07,33509.723
2019-01-08,22290.71
2019-01-09,9825.438
2019-01-10,34443.273
2019-01-11,22399.812
2019-01-12,29307.314
2019-01-13,34087.832
2019-01-14,5096.4526
2019-01-15,4129.0493
2019-01-16,2083.715
2019-01-17,12292.413
2019-01-18,34982.438
2019-01-19,33991.266
2019-01-20,25200.0
2019-01-21,34286.305
2019-01-22,35126.5
2019-01-23,35159.82
2019-01-24,35195.062
2019-01-25,35232.168
2019-01-26,31247.158
2019-01-27,35311.71
2019-01-28,17946.156
2019-01-29,6235.205
2019-01-30,32400.0
2019-01-31,25200.0
2019-02-01,17988.848
2019-02-02,25200.0
2019-02-03,32668.375
2019-02-04,35691.82
2019-02-05,36151.805
2019-02-06,36477.42
2019-02-07,36803.1
2019-02-08,28712.912
2019-02-09,34861.562
2019-02-10,31012.45
2019-02-11,37712.43
2019-02-12,9161.545
2019-02-13,5869.072
2019-02-14,25648.94
2019-02-15,18786.521
2019-02-16,36929.406
2019-02-17,31932.29
2019-02-18,38453.586
2019-02-19,38514.953
2019-02-20,35419.31
2019-02-21,38636.684
2019-02-22,38697.004
2019-02-23,38755.566
2019-02-24,38816.445
2019-02-25,28440.998
2019-02-26,14400.0
2019-02-27,19302.29
2019-02-28,35907.51
2019-03-01,24445.4
2019-03-02,23734.398
2019-03-03,34967.85
2019-03-04,31677.78
2019-03-05,2212.8672
2019-03-06,32400.0
2019-03-07,23819.566
2019-03-08,31373.254
2019-03-09,22867.121
2019-03-10,37753.668
2019-03-11,41639.957
2019-03-12,41937.594
2019-03-13,42025.04
2019-03-14,42112.52
2019-03-15,42199.914
2019-03-16,42287.125
2019-03-17,42374.055
2019-03-18,41037.277
2019-03-19,23350.217
2019-03-20,30891.293
2019-03-21,42718.742
2019-03-22,26702.031
2019-03-23,25200.0
2019-03-24,42635.367
2019-03-25,43070.09
2019-03-26,42407.086
2019-03-27,32973.906
2019-03-28,41540.863
2019-03-29,43200.0
2019-03-30,43200.0
2019-03-31,43200.0
2019-04-01,27300.123
2019-04-02,43200.0
2019-04-03,32818.727
2019-04-04,29498.361
2019-04-05,25556.783
2019-04-06,42304.887
2019-04-07,43161.395
2019-04-08,33454.305
2019-04-09,43562.055
2019-04-10,43826.777
2019-04-11,31631.492
2019-04-12,43939.457
2019-04-13,43875.676
2019-04-14,44393.242
2019-04-15,35887.164
2019-04-16,42421.71
2019-04-17,45082.266
2019-04-18,44145.05
2019-04-19,43612.49
2019-04-20,44534.387
2019-04-21,45034.29
2019-04-22,47140.125
2019-04-23,47381.36
2019-04-24,47624.406
2019-04-25,47574.117
2019-04-26,48032.508
2019-04-27,48295.785
2019-04-28,46348.82
2019-04-29,47975.855
2019-04-30,48652.707
2019-05-01,48770.168
2019-05-02,48886.902
2019-05-03,48433.688
2019-05-04,49117.785
2019-05-05,49231.734
2019-05-06,49098.668
2019-05-07,49456.117
2019-05-08,49566.35
2019-05-09,49222.344
2019-05-10,45985.24
2019-05-11,49887.855
2019-05-12,49991.594
2019-05-13,50093.42
2019-05-14,32463.395
2019-05-15,19077.84
2019-05-16,50283.87
2019-05-17,50331.324
2019-05-18,20100.676
2019-05-19,42791.18
2019-05-20,49168.86
2019-05-21,45156.45
2019-05-22,35287.586
2019-05-23,43445.223
2019-05-24,50098.93
2019-05-25,50400.0
2019-05-26,37931.367
2019-05-27,36469.402
2019-05-28,44028.895
2019-05-29,50400.0
2019-05-30,50400.0
2019-05-31,48375.63
2019-06-01,48087.21
2019-06-02,50400.0
2019-06-03,50400.0
2019-06-04,50400.0
2019-06-05,50400.0
2019-06-06,50400.0
2019-06-07,50400.0
2019-06-08,50400.0
2019-06-09,49954.547
2019-06-10,45995.465
2019-06-11,44463.863
2019-06-12,50400.0
2019-06-13,50400.0
2019-06-14,50400.0
2019-06-15,50400.0
2019-06-16,50400.0
2019-06-17,50400.0
2019-06-18,50400.0
2019-06-19,50400.0
2019-06-20,50400.0
2019-06-21,50400.0
2019-06-22,50400.0
2019-06-23,50400.0
2019-06-24,50400.0
2019-06-25,50400.0
2019-06-26,50400.0
2019-06-27,50400.0
2019-06-28,36529.445
2019-06-29,50400.0
2019-06-30,50400.0
2019-07-01,50400.0
2019-07-02,50400.0
2019-07-03,50400.0
2019-07-04,50400.0
2019-07-05,50400.0
2019-07-06,50400.0
2019-07-07,50400.0
2019-07-08,50400.0
2019-07-09,50400.0
2019-07-10,50400.0
2019-07-11,50400.0
2019-07-12,50400.0
2019-07-13,50400.0
2019-07-14,50400.0
2019-07-15,50400.0
2019-07-16,50387.57
2019-07-17,50347.59
2019-07-18,50307.293
2019-07-19,50266.086
2019-07-20,50223.97
2019-07-21,47663.14
2019-07-22,50137.27
2019-07-23,50092.824
2019-07-24,50047.742
2019-07-25,50002.086
2019-07-26,49955.926
2019-07-27,49909.33
2019-07-28,49862.355
2019-07-29,48974.113
2019-07-30,49767.54
2019-07-31,49719.83
2019-08-01,49671.992
2019-08-02,49624.1
2019-08-03,49576.203
2019-08-04,49528.367
2019-08-05,46871.938
2019-08-06,47800.3
2019-08-07,49223.59
2019-08-08,48917.266
2019-08-09,48869.19
2019-08-10,48885.008
2019-08-11,48768.844
2019-08-12,48651.215
2019-08-13,48532.24
2019-08-14,48412.008
2019-08-15,48256.715
2019-08-16,48168.246
2019-08-17,47848.504
2019-08-18,47496.285
2019-08-19,46849.45
2019-08-20,47087.293
2019-08-21,47029.668
2019-08-22,46678.08
2019-08-23,46129.71
2019-08-24,45601.27
2019-08-25,45658.605
2019-08-26,44259.984
2019-08-27,45192.55
2019-08-28,44670.887
2019-08-29,44441.906
2019-08-30,44213.938
2019-08-31,43987.566
2019-09-01,43762.38
2019-09-02,43341.164
2019-09-03,43383.96
2019-09-04,43200.0
2019-09-05,43200.0
2019-09-06,43226.55
2019-09-07,43223.047
2019-09-08,43200.0
2019-09-09,43200.0
2019-09-10,43200.0
2019-09-11,43200.0
2019-09-12,43200.0
2019-09-13,43200.0
2019-09-14,43200.0
2019-09-15,43200.0
2019-09-16,42337.0
2019-09-17,43200.0
2019-09-18,43200.0
2019-09-19,43142.44
2019-09-20,43051.742
2019-09-21,42960.71
2019-09-22,42869.434
2019-09-23,42778.023
2019-09-24,42686.59
2019-09-25,42595.22
2019-09-26,42504.02
2019-09-27,42413.1
2019-09-28,42322.562
2019-09-29,42232.492
2019-09-30,42140.93
2019-10-01,42002.32
2019-10-02,41864.23
2019-10-03,41726.75
2019-10-04,41589.97
2019-10-05,41453.973
2019-10-06,40593.934
2019-10-07,40876.03
2019-10-08,40290.254
2019-10-09,40282.49
2019-10-10,39984.383
2019-10-11,39033.22
2019-10-12,39675.777
2019-10-13,39083.586
2019-10-14,39072.32
2019-10-15,39060.434
2019-10-16,33284.652
2019-10-17,38741.867
2019-10-18,38653.254
2019-10-19,38597.664
2019-10-20,38541.758
2019-10-21,38485.547
2019-10-22,38429.023
2019-10-23,38372.207
2019-10-24,38315.1
2019-10-25,38257.723
2019-10-26,38200.008
2019-10-27,38141.71
2019-10-28,38082.855
2019-10-29,38002.992
2019-10-30,37963.625
2019-10-31,37773.062
2019-11-01,37809.21
2019-11-02,37516.65
2019-11-03,37186.26
2019-11-04,36855.953
2019-11-05,36525.746
2019-11-06,35888.977
2019-11-07,36173.34
2019-11-08,36152.598
2019-11-09,35824.75
2019-11-10,35806.754
2019-11-11,35480.418
2019-11-12,35031.266
2019-11-13,30209.621
2019-11-14,29897.867
2019-11-15,35297.156
2019-11-16,35257.84
2019-11-17,35220.19
2019-11-18,35184.22
2019-11-19,34847.676
2019-11-20,31859.479
2019-11-21,35086.59
2019-11-22,35057.55
2019-11-23,35030.29
2019-11-24,35004.855
2019-11-25,34981.254
2019-11-26,26176.246
2019-11-27,25074.355
2019-11-28,8898.776
2019-11-29,34427.793
2019-11-30,0.0
2019-12-01,2690.4836
2019-12-02,23363.08
2019-12-03,17402.777
2019-12-04,26620.434
2019-12-05,25172.568
2019-12-06,34247.883
2019-12-07,28599.36
2019-12-08,33765.863
2019-12-09,15634.089
2019-12-10,26031.25
2019-12-11,27096.623
2019-12-12,30331.086
2019-12-13,16574.91
2019-12-14,32021.455
2019-12-15,33244.95
2019-12-16,34254.89
2019-12-17,24568.93
2019-12-18,28061.643
2019-12-19,32399.984
2019-12-20,28800.0
2019-12-21,13323.812
2019-12-22,25078.635
2019-12-23,6864.948
2019-12-24,29348.773
2019-12-25,21605.357
2019-12-26,22793.541
2019-12-27,34256.516
2019-12-28,34278.734
2019-12-29,16874.459
2019-12-30,31810.273
2019-12-31,33948.42
2020-01-01,32438.47
2020-01-02,30836.096
2020-01-03,33428.82
2020-01-04,34478.094
2020-01-05,34577.78
2020-01-06,34629.188
2020-01-07,32114.91
2020-01-08,33617.75
2020-01-09,9494.84
2020-01-10,33776.074
2020-01-11,31180.084
2020-01-12,34901.438
2020-01-13,33494.906
2020-01-14,20330.273
2020-01-15,34946.67
2020-01-16,22208.674
2020-01-17,34681.957
2020-01-18,32178.352
2020-01-19,14789.806
2020-01-20,5140.4443
2020-01-21,27159.91
2020-01-22,29687.693
2020-01-23,32945.402
2020-01-24,33883.035
2020-01-25,33896.14
2020-01-26,31508.586
2020-01-27,35303.87
2020-01-28,33144.75
2020-01-29,32619.672
2020-01-30,34356.777
2020-01-31,35476.4
2020-02-01,35770.043
2020-02-02,33843.902
2020-02-03,36415.48
2020-02-04,36431.94
2020-02-05,36143.754
2020-02-06,36776.098
2020-02-07,37102.414
2020-02-08,37124.68
2020-02-09,37452.35
2020-02-10,37759.324
2020-02-11,38001.016
2020-02-12,38064.688
2020-02-13,38128.117
2020-02-14,38191.297
2020-02-15,38172.05
2020-02-16,37236.152
2020-02-17,38096.465
2020-02-18,38440.625
2020-02-19,38501.94
2020-02-20,38562.785
2020-02-21,31946.91
2020-02-22,23535.336
2020-02-23,38742.38
2020-02-24,38801.52
2020-02-25,38909.973
2020-02-26,38928.844
2020-02-27,38033.617
2020-02-28,32400.0
2020-02-29,39092.836
2020-03-01,16196.806
2020-03-02,39880.76
2020-03-03,40183.734
2020-03-04,40196.258
2020-03-05,38925.402
2020-03-06,39642.61
2020-03-07,17400.596
2020-03-08,37174.36
2020-03-09,26189.586
2020-03-10,25519.344
2020-03-11,41029.434
2020-03-12,42002.895
2020-03-13,42087.78
2020-03-14,40323.484
2020-03-15,19920.207
2020-03-16,1056.716
2020-03-17,35062.44
2020-03-18,35143.625
2020-03-19,41249.17
2020-03-20,42696.59
2020-03-21,23150.479
2020-03-22,38046.344
2020-03-23,38231.6
2020-03-24,32704.408
2020-03-25,41163.684
2020-03-26,43200.0
2020-03-27,43200.0
2020-03-28,20916.19
2020-03-29,33865.055
2020-03-30,43200.0
2020-03-31,43200.0
2020-04-01,43200.0
2020-04-02,43428.305
2020-04-03,43403.293
2020-04-04,37729.41
2020-04-05,5949.117
2020-04-06,43200.0
2020-04-07,43200.0
2020-04-08,30046.346
2020-04-09,10337.755
2020-04-10,43229.344
2020-04-11,43494.418
2020-04-12,43599.117
2020-04-13,44115.73
2020-04-14,45215.996
2020-04-15,45154.723
2020-04-16,43461.812
2020-04-17,36359.285
2020-04-18,30348.344
2020-04-19,45502.574
2020-04-20,30187.547
2020-04-21,46565.27
2020-04-22,47100.555
2020-04-23,47324.496
2020-04-24,47962.38
2020-04-25,45940.836
2020-04-26,46203.117
2020-04-27,48381.49
2020-04-28,48502.703
2020-04-29,39690.867
2020-04-30,48742.61
2020-05-01,48861.1
2020-05-02,48978.473
2020-05-03,49094.633
2020-05-04,49209.453
2020-05-05,49322.84
2020-05-06,46427.043
2020-05-07,49544.82
2020-05-08,49653.19
2020-05-09,49759.645
2020-05-10,49864.086
2020-05-11,47773.625
2020-05-12,40404.605
2020-05-13,49249.855
2020-05-14,50218.992
2020-05-15,50267.64
2020-05-16,49781.73
2020-05-17,45064.94
2020-05-18,43826.17
2020-05-19,48156.64
2020-05-20,50400.0
2020-05-21,50400.0
2020-05-22,50400.0
2020-05-23,50400.0
2020-05-24,50400.0
2020-05-25,50400.0
2020-05-26,50400.0
2020-05-27,50400.0
2020-05-28,50400.0
2020-05-29,48316.02
2020-05-30,44665.55
2020-05-31,41617.465
2020-06-01,48318.973
2020-06-02,50400.0
2020-06-03,50400.0
2020-06-04,50400.0
2020-06-05,49572.723
2020-06-06,50400.0
2020-06-07,50400.0
2020-06-08,50400.0
2020-06-09,50400.0
2020-06-10,50400.0
2020-06-11,49192.402
2020-06-12,50400.0
2020-06-13,50400.0
2020-06-14,50400.0
2020-06-15,50400.0
2020-06-16,50400.0
2020-06-17,50400.0
2020-06-18,50400.0
2020-06-19,50400.0
2020-06-20,50400.0
2020-06-21,50400.0
2020-06-22,50400.0
2020-06-23,50400.0
2020-06-24,50400.0
2020-06-25,50400.0
2020-06-26,50400.0
2020-06-27,50400.0
2020-06-28,50400.0
2020-06-29,50400.0
2020-06-30,50400.0
2020-07-01,50400.0
2020-07-02,50400.0
2020-07-03,50400.0
2020-07-04,50400.0
2020-07-05,50400.0
2020-07-06,50400.0
2020-07-07,50400.0
2020-07-08,50400.0
2020-07-09,50400.0
2020-07-10,48426.484
2020-07-11,50400.0
2020-07-12,50400.0
2020-07-13,50400.0
2020-07-14,50400.0
2020-07-15,50400.0
2020-07-16,50362.836
2020-07-17,50321.156
2020-07-18,50278.645
2020-07-19,50235.37
2020-07-20,50191.418
2020-07-21,48785.56
2020-07-22,50101.766
2020-07-23,50056.215
2020-07-24,50010.28
2020-07-25,49964.03
2020-07-26,49917.547
2020-07-27,49870.89
2020-07-28,49824.14
2020-07-29,49777.367
2020-07-30,49730.625
2020-07-31,49684.0
2020-08-01,49637.45
2020-08-02,49590.56
2020-08-03,49543.316
2020-08-04,49473.016
2020-08-05,49363.496
2020-08-06,49252.285
2020-08-07,49139.516
2020-08-08,49025.277
2020-08-09,48909.703
2020-08-10,48792.883
2020-08-11,48674.938
2020-08-12,48555.96
2020-08-13,30493.48
2020-08-14,46484.48
2020-08-15,45147.12
2020-08-16,46381.957
2020-08-17,47215.527
2020-08-18,47160.824
2020-08-19,47105.645
2020-08-20,47049.98
2020-08-21,44593.105
2020-08-22,44974.543
2020-08-23,44708.273
2020-08-24,45641.96
2020-08-25,45117.688
2020-08-26,44886.17
2020-08-27,45237.9
2020-08-28,44718.156
2020-08-29,44490.504
2020-08-30,44264.06
2020-08-31,44038.363
2020-09-01,43813.92
2020-09-02,43376.047
2020-09-03,43418.832
2020-09-04,43200.0
2020-09-05,43217.13
2020-09-06,43217.805
2020-09-07,43200.0
2020-09-08,43200.0
2020-09-09,43200.0
2020-09-10,43200.0
2020-09-11,43200.0
2020-09-12,43200.0
2020-09-13,43200.0
2020-09-14,43200.0
2020-09-15,43200.0
2020-09-16,43200.0
2020-09-17,19363.752
2020-09-18,41951.45
2020-09-19,43068.996
2020-09-20,42977.293
2020-09-21,42885.715
2020-09-22,42794.363
2020-09-23,42703.344
2020-09-24,42612.75
2020-09-25,42522.7
2020-09-26,42433.27
2020-09-27,42344.582
2020-09-28,42256.723
2020-09-29,42169.805
2020-09-30,42042.49
2020-10-01,41905.223
2020-10-02,41767.48
2020-10-03,41629.363
2020-10-04,41490.957
2020-10-05,41170.375
2020-10-06,30216.566
2020-10-07,40580.79
2020-10-08,36970.71
2020-10-09,39407.37
2020-10-10,36666.31
2020-10-11,39389.293
2020-10-12,39379.242
2020-10-13,39077.11
2020-10-14,39065.21
2020-10-15,38776.27
2020-10-16,38746.15
2020-10-17,38731.125
2020-10-18,38611.24
2020-10-19,38555.58
2020-10-20,38499.555
2020-10-21,38443.004
2020-10-22,38385.934
2020-10-23,38328.38
2020-10-24,38270.363
2020-10-25,37888.906
2020-10-26,38153.07
2020-10-27,38093.855
2020-10-28,37996.234
2020-10-29,37974.453
2020-10-30,37766.445
2020-10-31,37499.254
2020-11-01,36000.367
2020-11-02,36579.754
2020-11-03,36858.21
2020-11-04,36527.855
2020-11-05,33157.996
2020-11-06,35454.312
2020-11-07,31869.656
2020-11-08,35586.92
2020-11-09,35811.86
2020-11-10,35262.062
2020-11-11,24293.723
2020-11-12,35397.535
2020-11-13,32825.203
2020-11-14,35311.61
2020-11-15,35270.98
2020-11-16,35231.96
2020-11-17,14482.932
2020-11-18,31354.168
2020-11-19,35124.996
2020-11-20,35092.86
2020-11-21,33786.414
2020-11-22,35034.125
2020-11-23,35007.63
2020-11-24,34983.12
2020-11-25,34960.65
2020-11-26,34940.25
2020-11-27,34921.992
2020-11-28,34905.92
2020-11-29,34892.12
2020-11-30,34880.598
2020-12-01,34851.01
2020-12-02,34789.555
2020-12-03,34730.656
2020-12-04,34674.395
2020-12-05,32928.992
2020-12-06,34570.145
2020-12-07,34522.312
2020-12-08,30996.287
2020-12-09,33731.49
2020-12-10,34397.004
2020-12-11,27458.973
2020-12-12,10800.0
2020-12-13,4075.8545
2020-12-14,34275.367
2020-12-15,33782.707
2020-12-16,29536.102
2020-12-17,33166.0
2020-12-18,34210.258
2020-12-19,34203.637
2020-12-20,34151.46
2020-12-21,33182.746
2020-12-22,34205.49
2020-12-23,33775.27
2020-12-24,19941.58
2020-12-25,25718.754
2020-12-26,28031.191
2020-12-27,26965.998
2020-12-28,31861.166
2020-12-29,34330.445
2020-12-30,34361.457
2020-12-31,33659.367
2021-01-01,33412.016
2021-01-02,30874.52
2021-01-03,30292.475
2021-01-04,25146.889
2021-01-05,32272.725
2021-01-06,33617.293
2021-01-07,19644.95
2021-01-08,33048.8
2021-01-09,33426.23
2021-01-10,33788.977
2021-01-11,34106.97
2021-01-12,19113.37
2021-01-13,33426.344
2021-01-14,25200.0
2021-01-15,34702.37
2021-01-16,34986.066
2021-01-17,35008.61
2021-01-18,35032.965
2021-01-19,35059.1
2021-01-20,35087.008
2021-01-21,35116.656
2021-01-22,30280.035
2021-01-23,23137.34
2021-01-24,24229.309
2021-01-25,32606.395
2021-01-26,35290.375
2021-01-27,0.0
2021-01-28,0.0
2021-01-29,35308.773
2021-01-30,35460.797
2021-01-31,29373.434
2021-02-01,29023.887
2021-02-02,33894.36
2021-02-03,36124.242
2021-02-04,36450.13
2021-02-05,36776.203
2021-02-06,37102.4
2021-02-07,36819.645
2021-02-08,29171.75
2021-02-09,20766.2
2021-02-10,37426.668
2021-02-11,25200.0
2021-02-12,37955.434
2021-02-13,37316.445
2021-02-14,32400.0
2021-02-15,19722.992
2021-02-16,38363.883
2021-02-17,38424.88
2021-02-18,38330.176
2021-02-19,37996.07
2021-02-20,37368.832
2021-02-21,38666.457
2021-02-22,38726.19
2021-02-23,38307.85
2021-02-24,38902.875
2021-02-25,38921.344
2021-02-26,39230.613
2021-02-27,39247.31
2021-02-28,39263.434
2021-03-01,39569.35
2021-03-02,37422.84
2021-03-03,35229.164
2021-03-04,40191.023
2021-03-05,40782.168
2021-03-06,35819.33
2021-03-07,40796.195
2021-03-08,35644.082
2021-03-09,36488.87
2021-03-10,36425.098
2021-03-11,40469.195
2021-03-12,40137.535
2021-03-13,42061.13
2021-03-14,29527.744
2021-03-15,40667.434
2021-03-16,42324.945
2021-03-17,38593.945
2021-03-18,29357.182
2021-03-19,13864.343
2021-03-20,42681.523
2021-03-21,42770.836
2021-03-22,42860.0
2021-03-23,42948.914
2021-03-24,42041.605
2021-03-25,43125.58
2021-03-26,43200.0
2021-03-27,43200.0
2021-03-28,43200.0
2021-03-29,43200.0
2021-03-30,43223.844
2021-03-31,43200.0
2021-04-01,43200.0
2021-04-02,43434.62
2021-04-03,43200.0
2021-04-04,39775.473
2021-04-05,43359.633
2021-04-06,43622.77
2021-04-07,43598.25
2021-04-08,43874.07
2021-04-09,43838.387
2021-04-10,43814.41
2021-04-11,44080.176
2021-04-12,43625.82
2021-04-13,44709.945
2021-04-14,44938.68
2021-04-15,45168.992
2021-04-16,45692.25
2021-04-17,45926.12
2021-04-18,46454.047
2021-04-19,46691.047
2021-04-20,47222.77
2021-04-21,45700.152
2021-04-22,47596.215
2021-04-23,47857.23
2021-04-24,44954.33
2021-04-25,374.5111
2021-04-26,45129.477
2021-04-27,48355.67
2021-04-28,48478.02
2021-04-29,48599.246
2021-04-30,47059.33
2021-05-01,46302.24
2021-05-02,48955.145
2021-05-03,49070.81
2021-05-04,49184.79
2021-05-05,49296.984
2021-05-06,49407.266
2021-05-07,49515.504
2021-05-08,49622.05
2021-05-09,49727.523
2021-05-10,49831.887
2021-05-11,49935.05
2021-05-12,50036.9
2021-05-13,50137.367
2021-05-14,50208.156
2021-05-15,50257.766
2021-05-16,50307.027
2021-05-17,50355.883
2021-05-18,50400.0
2021-05-19,50400.0
2021-05-20,50400.0
2021-05-21,50400.0
2021-05-22,50400.0
2021-05-23,50400.0
2021-05-24,50400.0
2021-05-25,50400.0
2021-05-26,50400.0
2021-05-27,50400.0
2021-05-28,50400.0
2021-05-29,50400.0
2021-05-30,50400.0
2021-05-31,50400.0
2021-06-01,50400.0
2021-06-02,50400.0
2021-06-03,50400.0
2021-06-04,50400.0
2021-06-05,50400.0
2021-06-06,50400.0
2021-06-07,50400.0
2021-06-08,50400.0
2021-06-09,50400.0
2021-06-10,50400.0
2021-06-11,50400.0
2021-06-12,50400.0
2021-06-13,50400.0
2021-06-14,50400.0
2021-06-15,50400.0
2021-06-16,46800.0
2021-06-17,50400.0
2021-06-18,50400.0
2021-06-19,50400.0
2021-06-20,50400.0
2021-06-21,50400.0
2021-06-22,50400.0
2021-06-23,50400.0
2021-06-24,50400.0
2021-06-25,50400.0
2021-06-26,50400.0
2021-06-27,50400.0
2021-06-28,50400.0
2021-06-29,50400.0
2021-06-30,50400.0
2021-07-01,50400.0
2021-07-02,50400.0
2021-07-03,50400.0
2021-07-04,50400.0
2021-07-05,50400.0
2021-07-06,50400.0
2021-07-07,50400.0
2021-07-08,50400.0
2021-07-09,50400.0
2021-07-10,50400.0
2021-07-11,50400.0
2021-07-12,50400.0
2021-07-13,50400.0
2021-07-14,50400.0
2021-07-15,50400.0
2021-07-16,50371.01
2021-07-17,50328.76
2021-07-18,46898.36
2021-07-19,50242.47
2021-07-20,50198.59
2021-07-21,50154.324
2021-07-22,50109.754
2021-07-23,50064.96
2021-07-24,50020.01
2021-07-25,49975.0
2021-07-26,46565.297
2021-07-27,49884.934
2021-07-28,49839.355
2021-07-29,49793.24
2021-07-30,49746.633
2021-07-31,47793.28
2021-08-01,49652.176
2021-08-02,49604.414
2021-08-03,49556.367
2021-08-04,49496.08
2021-08-05,49385.99
2021-08-06,49274.535
2021-08-07,49161.836
2021-08-08,49048.0
2021-08-09,48933.12
2021-08-10,48817.316
2021-08-11,48700.67
2021-08-12,48387.977
2021-08-13,48336.65
2021-08-14,48284.598
2021-08-15,47935.113
2021-08-16,47881.688
2021-08-17,47826.805
2021-08-18,47475.355
2021-08-19,47123.7
2021-08-20,47066.06
2021-08-21,46713.68
2021-08-22,46361.234
2021-08-23,46301.637
2021-08-24,46213.62
2021-08-25,45979.973
2021-08-26,45747.29
2021-08-27,45516.258
2021-08-28,44996.215
2021-08-29,44477.625
2021-08-30,44540.15
2021-08-31,44313.75
2021-09-01,43799.055
2021-09-02,43863.15
2021-09-03,43639.01
2021-09-04,43200.0
2021-09-05,43200.0
2021-09-06,43200.0
2021-09-07,43200.0
2021-09-08,43200.0
2021-09-09,43200.0
2021-09-10,43200.0
2021-09-11,43200.0
2021-09-12,43200.0
2021-09-13,43200.0
2021-09-14,43200.0
2021-09-15,43200.0
2021-09-16,43200.0
2021-09-17,43200.0
2021-09-18,43177.46
2021-09-19,43086.535
2021-09-20,42995.996
2021-09-21,42905.926
2021-09-22,42816.434
2021-09-23,42727.617
2021-09-24,42639.566
2021-09-25,42551.55
2021-09-26,42463.06
2021-09-27,42374.195
2021-09-28,42285.05
2021-09-29,42195.746
2021-09-30,42077.37
2021-10-01,41937.94
2021-10-02,41798.414
2021-10-03,41658.867
2021-10-04,39369.184
2021-10-05,40308.305
2021-10-06,38722.016
2021-10-07,40007.113
2021-10-08,39619.957
2021-10-09,39992.34
2021-10-10,39693.656
2021-10-11,39684.105
2021-10-12,39382.76
2021-10-13,39079.74
2021-10-14,38844.5
2021-10-15,38790.21
2021-10-16,38746.25
2021-10-17,36977.38
2021-10-18,35505.34
2021-10-19,38568.496
2021-10-20,26358.912
2021-10-21,28262.816
2021-10-22,13926.867
2021-10-23,30909.973
2021-10-24,0.0
2021-10-25,24735.068
2021-10-26,37617.14
2021-10-27,37050.914
2021-10-28,36482.383
2021-10-29,36515.18
2021-10-30,32948.117
2021-10-31,36000.0
2021-11-01,9740.101
2021-11-02,36280.668
2021-11-03,35949.484
2021-11-04,24250.238
2021-11-05,36206.918
2021-11-06,35878.227
2021-11-07,29680.443
2021-11-08,32633.305
2021-11-09,21804.293
2021-11-10,34017.7
2021-11-11,35455.54
2021-11-12,35408.73
2021-11-13,35363.477
2021-11-14,31778.562
2021-11-15,28913.152
2021-11-16,35237.684
2021-11-17,28608.787
2021-11-18,22607.432
2021-11-19,35128.207
2021-11-20,31495.645
2021-11-21,35065.176
2021-11-22,34964.637
2021-11-23,35010.77
2021-11-24,34986.86
2021-11-25,34965.035
2021-11-26,28847.799
2021-11-27,34927.574
2021-11-28,34911.89
2021-11-29,34898.234
2021-11-30,34886.58
2021-12-01,34868.41
2021-12-02,32421.43
2021-12-03,34743.305
2021-12-04,23812.662
2021-12-05,21875.09
2021-12-06,25761.594
2021-12-07,16671.805
2021-12-08,29639.201
2021-12-09,26636.441
2021-12-10,34399.99
2021-12-11,33982.777
2021-12-12,9352.713
2021-12-13,481.34467
2021-12-14,5705.1597
2021-12-15,31570.086
2021-12-16,21827.42
2021-12-17,23704.09
2021-12-18,20021.488
2021-12-19,31140.584
2021-12-20,18000.0
2021-12-21,21643.986
2021-12-22,3972.0054
2021-12-23,182.71431
2021-12-24,33313.848
2021-12-25,12871.715
2021-12-26,33314.55
2021-12-27,14217.825
2021-12-28,21807.645
2021-12-29,11566.127
2021-12-30,25440.322
2021-12-31,18015.424
2022-01-01,33694.355
2022-01-02,34455.836
2022-01-03,33356.168
2022-01-04,33832.28
2022-01-05,29976.723
2022-01-06,10579.372
2022-01-07,15683.996
2022-01-08,15805.948
2022-01-09,25011.428
2022-01-10,25199.908
2022-01-11,33778.676
2022-01-12,33563.707
2022-01-13,23536.316
2022-01-14,29405.352
2022-01-15,8936.828
2022-01-16,34362.773
2022-01-17,28800.0
2022-01-18,34326.164
2022-01-19,34629.55
2022-01-20,35077.457
2022-01-21,35106.23
2022-01-22,35136.875
2022-01-23,35169.477
2022-01-24,35204.254
2022-01-25,35241.15
2022-01-26,35280.074
2022-01-27,35320.953
2022-01-28,33449.57
2022-01-29,28192.746
2022-01-30,35454.52
2022-01-31,22992.086
2022-02-01,35784.312
2022-02-02,36108.355
2022-02-03,35817.797
2022-02-04,36143.402
2022-02-05,36469.047
2022-02-06,36794.746
2022-02-07,36815.785
2022-02-08,37142.176
2022-02-09,37468.664
2022-02-10,37436.13
2022-02-11,37701.844
2022-02-12,37966.58
2022-02-13,38159.156
2022-02-14,38192.344
2022-02-15,38283.266
2022-02-16,38345.03
2022-02-17,38406.594
2022-02-18,38467.91
2022-02-19,38528.977
2022-02-20,30593.328
2022-02-21,38650.273
2022-02-22,37305.887
2022-02-23,38770.344
2022-02-24,38829.89
2022-02-25,38913.305
2022-02-26,36970.863
2022-02-27,39006.39
2022-02-28,39258.113
2022-03-01,38392.52
2022-03-02,39179.445
2022-03-03,31991.834
2022-03-04,28067.148
2022-03-05,37425.277
2022-03-06,40217.117
2022-03-07,40806.402
2022-03-08,41394.03
2022-03-09,41403.887
2022-03-10,41675.5
2022-03-11,41869.57
2022-03-12,41957.08
2022-03-13,39415.72
2022-03-14,42133.273
2022-03-15,25037.229
2022-03-16,42310.336
2022-03-17,38627.406
2022-03-18,42487.414
2022-03-19,23196.969
2022-03-20,42663.664
2022-03-21,42751.21
2022-03-22,42838.234
2022-03-23,42924.625
2022-03-24,43010.566
2022-03-25,43097.035
2022-03-26,42425.395
2022-03-27,43200.0
2022-03-28,12666.451
2022-03-29,43200.0
2022-03-30,43200.0
2022-03-31,40822.14
2022-04-01,43200.0
2022-04-02,43200.0
2022-04-03,43004.35
2022-04-04,43200.0
2022-04-05,43366.027
2022-04-06,43341.15
2022-04-07,43604.582
2022-04-08,43291.57
2022-04-09,43844.62
2022-04-10,43531.37
2022-04-11,17310.518
2022-04-12,43919.348
2022-04-13,43566.26
2022-04-14,25009.312
2022-04-15,43200.0
2022-04-16,33829.71
2022-04-17,45066.688
2022-04-18,38343.605
2022-04-19,43026.484
2022-04-20,46062.516
2022-04-21,28672.857
2022-04-22,45067.71
2022-04-23,47317.586
2022-04-24,47927.48
2022-04-25,46807.734
2022-04-26,45316.887
2022-04-27,48331.47
2022-04-28,48453.273
2022-04-29,48573.625
2022-04-30,48692.387
2022-05-01,48809.453
2022-05-02,48924.703
2022-05-03,49038.44
2022-05-04,49151.36
2022-05-05,46189.207
2022-05-06,49374.586
2022-05-07,48251.82
2022-05-08,49593.67
2022-05-09,49701.402
2022-05-10,49807.816
2022-05-11,49912.766
2022-05-12,50016.18
2022-05-13,50117.938
2022-05-14,50200.793
2022-05-15,45613.87
2022-05-16,50299.035
2022-05-17,50347.32
2022-05-18,50394.97
2022-05-19,50400.0
2022-05-20,50400.0
2022-05-21,50400.0
2022-05-22,50400.0
2022-05-23,50400.0
2022-05-24,50400.0
2022-05-25,50400.0
2022-05-26,46379.336
2022-05-27,48092.29
2022-05-28,43200.0
2022-05-29,50400.0
2022-05-30,50400.0
2022-05-31,50400.0
2022-06-01,50400.0
2022-06-02,48696.355
2022-06-03,48564.848
2022-06-04,47496.836
2022-06-05,50400.0
2022-06-06,50400.0
2022-06-07,50400.0
2022-06-08,50400.0
2022-06-09,50400.0
2022-06-10,50400.0
2022-06-11,50400.0
2022-06-12,50400.0
2022-06-13,50400.0
2022-06-14,50400.0
2022-06-15,50400.0
2022-06-16,50400.0
2022-06-17,43341.465
2022-06-18,50400.0
2022-06-19,50400.0
2022-06-20,50400.0
2022-06-21,50400.0
2022-06-22,50400.0
2022-06-23,50400.0
2022-06-24,50400.0
2022-06-25,50400.0
2022-06-26,50400.0
2022-06-27,50400.0
2022-06-28,50400.0
2022-06-29,50400.0
2022-06-30,50400.0
2022-07-01,50400.0
2022-07-02,50400.0
2022-07-03,50400.0
2022-07-04,50400.0
2022-07-05,50400.0
2022-07-06,50400.0
2022-07-07,50400.0
2022-07-08,50400.0
2022-07-09,50400.0
2022-07-10,50400.0
2022-07-11,50400.0
2022-07-12,50400.0
2022-07-13,50400.0
2022-07-14,50400.0
2022-07-15,50400.0
2022-07-16,50374.984
2022-07-17,50333.418
2022-07-18,50291.477
2022-07-19,50249.23
2022-07-20,50206.78
2022-07-21,50164.203
2022-07-22,50121.438
2022-07-23,50077.94
2022-07-24,50033.707
2022-07-25,49988.793
2022-07-26,49943.266
2022-07-27,49897.184
2022-07-28,49850.6
2022-07-29,49803.586
2022-07-30,49756.188
2022-07-31,49708.473
2022-08-01,48418.82
2022-08-02,47524.055
2022-08-03,49563.953
2022-08-04,43722.848
2022-08-05,33898.227
2022-08-06,49295.824
2022-08-07,49187.062
2022-08-08,48601.43
2022-08-09,48254.496
2022-08-10,48507.16
2022-08-11,48458.188
2022-08-12,48407.676
2022-08-13,48057.72
2022-08-14,48004.973
2022-08-15,47950.97
2022-08-16,47599.43
2022-08-17,46952.04
2022-08-18,47191.74
2022-08-19,46839.793
2022-08-20,46782.395
2022-08-21,46430.402
2022-08-22,46372.03
2022-08-23,45852.383
2022-08-24,45617.844
2022-08-25,45384.6
2022-08-26,44860.934
2022-08-27,44630.316
2022-08-28,44400.69
2022-08-29,43881.668
2022-08-30,43943.79
2022-08-31,43717.023
2022-09-01,43491.58
2022-09-02,43351.047
2022-09-03,43200.0
2022-09-04,43200.0
2022-09-05,43200.0
2022-09-06,43207.797
2022-09-07,43200.0
2022-09-08,43200.0
2022-09-09,43200.0
2022-09-10,25196.947
2022-09-11,43200.0
2022-09-12,41290.906
2022-09-13,43200.0
2022-09-14,43200.0
2022-09-15,43200.0
2022-09-16,43200.0
2022-09-17,43200.0
2022-09-18,29647.184
2022-09-19,23705.299
2022-09-20,43025.586
2022-09-21,42936.426
2022-09-22,42846.734
2022-09-23,42756.625
2022-09-24,42666.188
2022-09-25,42575.53
2022-09-26,42484.758
2022-09-27,42393.977
2022-09-28,42303.285
2022-09-29,42212.78
2022-09-30,42105.12
2022-10-01,41965.453
2022-10-02,41766.848
2022-10-03,41475.168
2022-10-04,41471.055
2022-10-05,40889.016
2022-10-06,40594.277
2022-10-07,40298.305
2022-10-08,40000.99
2022-10-09,39991.992
2022-10-10,39692.363
2022-10-11,39391.703
2022-10-12,39090.01
2022-10-13,39078.336
2022-10-14,38856.66
2022-10-15,38802.1
2022-10-16,38747.82
2022-10-17,38691.875
2022-10-18,37044.586
2022-10-19,38580.234
2022-10-20,36305.15
2022-10-21,38467.266
2022-10-22,32979.883
2022-10-23,38353.062
2022-10-24,38295.54
2022-10-25,37873.684
2022-10-26,37908.707
2022-10-27,37943.9
2022-10-28,31982.879
2022-10-29,36668.05
2022-10-30,37143.473
2022-10-31,19675.004
2022-11-01,25205.193
2022-11-02,35989.438
2022-11-03,36266.55
2022-11-04,36240.73
2022-11-05,35910.09
2022-11-06,6536.9805
2022-11-07,14069.84
2022-11-08,17389.027
2022-11-09,35563.324
2022-11-10,35512.363
2022-11-11,33705.46
2022-11-12,35465.133
2022-11-13,35369.58
2022-11-14,35325.63
2022-11-15,35283.63
2022-11-16,35243.67
2022-11-17,29884.162
2022-11-18,31432.83
2022-11-19,35136.64
2022-11-20,35104.91
2022-11-21,34288.75
2022-11-22,33663.293
2022-11-23,35020.84
2022-11-24,34996.535
2022-11-25,34818.836
2022-11-26,33299.797
2022-11-27,33420.625
2022-11-28,34918.09
2022-11-29,34903.207
2022-11-30,34890.24
2022-12-01,0.0
2022-12-02,32342.918
2022-12-03,6365.031
2022-12-04,28203.178
2022-12-05,34273.164
2022-12-06,26097.508
2022-12-07,33850.85
2022-12-08,25366.738
2022-12-09,28557.316
2022-12-10,0.0
2022-12-11,34377.55
2022-12-12,29132.814
2022-12-13,34317.242
2022-12-14,34291.824
2022-12-15,31561.936
2022-12-16,27962.951
2022-12-17,24800.07
2022-12-18,33711.938
2022-12-19,19673.844
2022-12-20,32624.006
2022-12-21,32833.555
2022-12-22,11229.657
2022-12-23,27889.45
2022-12-24,21918.133
2022-12-25,29278.346
2022-12-26,11364.466
2022-12-27,0.0
2022-12-28,31344.168
2022-12-29,0.0
2022-12-30,14400.0
2022-12-31,0.0
2023-01-01,34007.074
2023-01-02,0.0
2023-01-03,24745.418
2023-01-04,0.0
2023-01-05,0.0
2023-01-06,34580.297
2023-01-07,0.0
2023-01-08,22034.285
2023-01-09,0.0
2023-01-10,22801.277
2023-01-11,0.0
2023-01-12,31159.043
2023-01-13,17965.111
2023-01-14,2208.8896
2023-01-15,0.0
2023-01-16,26262.865
2023-01-17,33893.574
2023-01-18,34008.984
2023-01-19,32363.488
2023-01-20,35069.39
2023-01-21,35098.94
2023-01-22,34567.973
2023-01-23,35163.973
2023-01-24,35199.32
2023-01-25,35236.477
2023-01-26,35275.375
2023-01-27,35315.96
2023-01-28,35358.17
2023-01-29,20409.94
2023-01-30,35447.242
2023-01-31,35768.15
2023-02-01,35781.363
2023-02-02,29826.3
2023-02-03,11475.041
2023-02-04,34487.688
2023-02-05,35849.242
2023-02-06,36480.977
2023-02-07,30301.041
2023-02-08,36828.7
2023-02-09,37156.254
2023-02-10,35111.184
2023-02-11,37108.637
2023-02-12,37675.883
2023-02-13,37939.695
2023-02-14,32400.0
2023-02-15,38266.688
2023-02-16,32750.035
2023-02-17,38391.215
2023-02-18,38453.04
2023-02-19,38514.535
2023-02-20,38575.668
2023-02-21,37644.98
2023-02-22,38696.78
2023-02-23,38756.71
2023-02-24,1526.5919
2023-02-25,6336.8096
2023-02-26,18046.658
2023-02-27,18838.25
2023-02-28,10630.115
2023-03-01,39273.805
2023-03-02,39579.746
2023-03-03,39594.316
2023-03-04,28905.73
2023-03-05,24297.38
2023-03-06,39633.785
2023-03-07,38232.016
2023-03-08,39657.19
2023-03-09,14742.842
2023-03-10,12126.853
2023-03-11,26116.594
2023-03-12,31948.082
2023-03-13,39255.133
2023-03-14,658.0868
2023-03-15,40020.445
2023-03-16,40263.29
2023-03-17,41711.887
2023-03-18,31662.973
2023-03-19,14317.723
2023-03-20,27661.559
2023-03-21,14114.482
2023-03-22,23330.17
2023-03-23,40006.008
2023-03-24,42492.207
2023-03-25,43075.117
2023-03-26,43164.164
2023-03-27,43200.0
2023-03-28,8589.244
2023-03-29,39617.68
2023-03-30,38260.67
2023-03-31,43200.0
2023-04-01,43200.0
2023-04-02,38129.43
2023-04-03,43200.0
2023-04-04,43200.0
2023-04-05,43200.0
2023-04-06,39600.0
2023-04-07,27336.69
2023-04-08,38746.566
2023-04-09,43562.266
2023-04-10,43537.76
2023-04-11,43200.0
2023-04-12,43937.65
2023-04-13,44163.848
2023-04-14,44391.05
2023-04-15,44328.406
2023-04-16,44266.133
2023-04-17,44787.902
2023-04-18,44435.195
2023-04-19,45838.207
2023-04-20,46073.68
2023-04-21,45723.42
2023-04-22,43854.758
2023-04-23,47084.824
2023-04-24,47622.85
2023-04-25,48054.945
2023-04-26,48177.69
2023-04-27,48298.82
2023-04-28,47836.07
2023-04-29,44221.844
2023-04-30,44670.254
2023-05-01,35266.555
2023-05-02,25933.84
2023-05-03,8104.824
2023-05-04,37004.824
2023-05-05,43345.594
2023-05-06,34267.14
2023-05-07,45034.496
2023-05-08,46759.688
2023-05-09,41892.574
2023-05-10,49787.594
2023-05-11,49892.91
2023-05-12,49996.355
2023-05-13,50097.832
2023-05-14,50188.207
2023-05-15,50236.684
2023-05-16,50284.523
2023-05-17,50331.688
2023-05-18,50378.58
2023-05-19,50400.0
2023-05-20,50400.0
2023-05-21,50400.0
2023-05-22,49155.84
2023-05-23,50400.0
2023-05-24,50400.0
2023-05-25,50400.0
2023-05-26,50400.0
2023-05-27,50400.0
2023-05-28,40685.902
2023-05-29,38474.754
2023-05-30,49161.402
2023-05-31,50400.0
2023-06-01,50400.0
2023-06-02,50400.0
2023-06-03,50400.0
2023-06-04,50400.0
2023-06-05,40984.246
2023-06-06,42157.758
2023-06-07,32451.22
2023-06-08,49501.316
2023-06-09,48445.77
2023-06-10,39746.91
2023-06-11,50400.0
2023-06-12,47195.715
2023-06-13,49771.395
2023-06-14,50400.0
2023-06-15,50400.0
2023-06-16,50400.0
2023-06-17,50400.0
2023-06-18,50400.0
2023-06-19,50400.0
2023-06-20,50400.0
2023-06-21,50400.0
2023-06-22,49376.082
2023-06-23,50400.0
2023-06-24,46800.0
2023-06-25,50400.0
2023-06-26,50400.0
2023-06-27,48832.133
2023-06-28,50400.0
2023-06-29,50400.0
2023-06-30,50400.0
2023-07-01,50400.0
2023-07-02,50400.0
2023-07-03,50400.0
2023-07-04,50400.0
2023-07-05,50400.0
2023-07-06,50400.0
2023-07-07,50400.0
2023-07-08,50400.0
2023-07-09,50400.0
2023-07-10,50400.0
2023-07-11,50400.0
2023-07-12,50400.0
2023-07-13,50400.0
2023-07-14,50400.0
2023-07-15,50400.0
2023-07-16,50340.566
2023-07-17,50346.82
2023-07-18,50306.246
2023-07-19,50264.727
2023-07-20,50222.33
2023-07-21,50179.117
2023-07-22,50135.168
2023-07-23,50090.547
2023-07-24,50045.32
2023-07-25,49999.56
2023-07-26,49953.332
2023-07-27,49906.69
2023-07-28,49859.723
2023-07-29,49812.473
2023-07-30,48914.668
2023-07-31,49717.41
2023-08-01,49669.715
2023-08-02,49622.0
2023-08-03,49574.32
2023-08-04,49526.734
2023-08-05,49439.33
2023-08-06,49331.387
2023-08-07,49221.523
2023-08-08,49109.79
2023-08-09,48996.336
2023-08-10,45277.93
2023-08-11,47570.418
2023-08-12,48117.926
2023-08-13,46918.113
2023-08-14,47715.094
2023-08-15,47067.492
2023-08-16,44007.113
2023-08-17,47255.934
2023-08-18,46905.082
2023-08-19,40671.195
2023-08-20,9969.227
2023-08-21,45139.91
2023-08-22,45782.383
2023-08-23,45838.473
2023-08-24,45602.848
2023-08-25,45368.324
2023-08-26,44843.496
2023-08-27,44903.12
2023-08-28,44672.965
2023-08-29,44444.188
2023-08-30,44216.76
2023-08-31,43990.246
2023-09-01,43299.855
2023-09-02,33794.465
2023-09-03,30573.83
2023-09-04,43200.0
2023-09-05,43200.0
2023-09-06,43200.0
2023-09-07,43200.0
2023-09-08,43200.0
2023-09-09,42049.87
2023-09-10,43200.0
2023-09-11,41731.395
2023-09-12,43200.0
2023-09-13,43200.0
2023-09-14,43200.0
2023-09-15,43200.0
2023-09-16,43200.0
2023-09-17,43200.0
2023-09-18,43200.0
2023-09-19,43139.953
2023-09-20,43048.84
2023-09-21,42957.457
2023-09-22,42865.918
2023-09-23,42774.33
2023-09-24,42682.77
2023-09-25,42591.36
2023-09-26,42500.207
2023-09-27,42409.402
2023-09-28,42319.055
2023-09-29,38421.844
2023-09-30,34940.14
2023-10-01,40030.41
2023-10-02,41769.316
2023-10-03,41476.504
2023-10-04,41182.59
2023-10-05,40887.875
2023-10-06,40881.414
2023-10-07,40296.55
2023-10-08,40289.19
2023-10-09,29391.88
2023-10-10,39693.484
2023-10-11,39394.043
2023-10-12,38977.28
2023-10-13,36787.426
2023-10-14,38869.547
2023-10-15,38815.18
2023-10-16,36602.176
2023-10-17,38705.47
2023-10-18,38650.133
2023-10-19,38594.484
2023-10-20,38538.523
2023-10-21,38320.812
2023-10-22,37463.547
2023-10-23,35930.156
2023-10-24,38127.652
2023-10-25,38162.703
2023-10-26,37299.168
2023-10-27,32532.19
2023-10-28,37668.543
2023-10-29,37703.91
2023-10-30,37437.492
2023-10-31,37472.79
